{"cookies": [{"name": "BIGipServerpool_volvoce", "value": "3b743f0f192d69623e8f010c2ca81eab", "domain": "volvoce.service-now.com", "path": "/", "expires": -1, "httpOnly": true, "secure": true, "sameSite": "None"}, {"name": "glide_user_route", "value": "glide.73959b5e29695b36fcde317197b99bdc", "domain": "volvoce.service-now.com", "path": "/", "expires": 1789794688.391277, "httpOnly": true, "secure": true, "sameSite": "None"}, {"name": "glide_node_id_for_js", "value": "1cdd231561babfc6122c918bbd3a675b4d25bd023402443f969be189b78f835e", "domain": "volvoce.service-now.com", "path": "/", "expires": -1, "httpOnly": false, "secure": true, "sameSite": "None"}, {"name": "TS0143a416", "value": "01fbb0077e0ff8d8a2419cbbb2970dbeb43c8cf9fc45c14ca87feb0805f5006b7db288662e6fd5288793425df269598a7d2f420622", "domain": "federate.volvo.com", "path": "/", "expires": -1, "httpOnly": true, "secure": true, "sameSite": "Lax"}, {"name": "PF", "value": "SJQWJGiaJvXplyTLd9wZKkcNjn6gsjCPyV5K9h6i2UvE", "domain": ".volvo.com", "path": "/", "expires": -1, "httpOnly": true, "secure": true, "sameSite": "None"}, {"name": "TS015bf4f7", "value": "01fbb0077e006ee81a726027fbb6a499cc06432fb945c14ca87feb0805f5006b7db288662e2e7f899de7b1ca9f95a6c0bb75ad0f8ca42ab9a1a7907fb16527ab4b057641f1", "domain": ".volvo.com", "path": "/", "expires": -1, "httpOnly": true, "secure": true, "sameSite": "Lax"}, {"name": "glide_sso_id", "value": "7cb23f131b121100227e5581be071355", "domain": "volvoce.service-now.com", "path": "/", "expires": 1789794689.618604, "httpOnly": true, "secure": true, "sameSite": "None"}, {"name": "JSESSIONID", "value": "DA1EEFE2044887BE251229170E2B82AF", "domain": "volvoce.service-now.com", "path": "/", "expires": -1, "httpOnly": true, "secure": true, "sameSite": "None"}, {"name": "glide_language", "value": "en", "domain": "volvoce.service-now.com", "path": "/", "expires": -1, "httpOnly": true, "secure": true, "sameSite": "None"}, {"name": "glide_user_activity", "value": "U0N2M18xOk96S1JkWnZVdlhGMlIwbG90SkxGSldxaVVVcDJEOUlVZVl4cGxwME1VNVE9OldsK0ZPN0tERWJwT0l2cUxaaGVTclhaK1h0bWRRUk4zZTg3SnMzSmpjZnM9", "domain": "volvoce.service-now.com", "path": "/", "expires": -1, "httpOnly": true, "secure": true, "sameSite": "None"}, {"name": "glide_session_store", "value": "3B011D7697D32E500EFCFFA3F153AFDD", "domain": "volvoce.service-now.com", "path": "/", "expires": 1755249096.781515, "httpOnly": true, "secure": true, "sameSite": "None"}], "origins": [{"origin": "https://volvoce.service-now.com", "localStorage": [{"name": "simpleStorage", "value": "{\"simpleStorageSynch\":\"578aa12497dfea100efcffa3f153afbf\",\"MSG_en_undefined\":1755234688972,\"MSG_en_Local Media\":\"Local Media\",\"MSG_en_[rename]\":\"[rename]\",\"MSG_en_No data to display\":\"No data to display\",\"MSG_en_#{HTML:name} Template Applied\":\"#{HTML:name} Template Applied\",\"MSG_en_AC u_tech_support_case u_brand_name\":\"AC u_tech_support_case u_brand_name\",\"MSG_en_Edit\":\"Edit\",\"MSG_en_Extend your session.\":\"Extend your session.\",\"MSG_en_viewing\":\"viewing\",\"MSG_en_{0} selected.\":\"{0} selected.\",\"MSG_en_Saturday\":\"Saturday\",\"MSG_en_AC u_tech_support_case u_machine\":\"AC u_tech_support_case u_machine\",\"MSG_en_Missing mandatory fields\\n\\nUrgency\\n\":\"Missing mandatory fields\\n\\nUrgency\\n\",\"MSG_en_July\":\"July\",\"MSG_en_Extend session\":\"Extend session\",\"MSG_en_January\":\"January\",\"MSG_en_Session Expiration Notification\":\"Session Expiration Notification\",\"MSG_en_(empty)\":\"(empty)\",\"MSG_en_Hour\":\"Hour\",\"MSG_en_Email body\":\"Email body\",\"MSG_en_Previous month\":\"Previous month\",\"MSG_en_None (Use Implicit)\":\"None (Use Implicit)\",\"MSG_en_AC u_tech_support_case u_causing_part\":\"AC u_tech_support_case u_causing_part\",\"MSG_en_about an hour from now\":\"about an hour from now\",\"MSG_en_June\":\"June\",\"MSG_en_No matching results\":\"No matching results\",\"MSG_en_Displays Next search result content\":\"Displays Next search result content\",\"MSG_en_Unable to update field\":\"Unable to update field\",\"MSG_en_{0} result(s) available, use up and down arrow keys to navigate and enter to select\":\"{0} result(s) available, use up and down arrow keys to navigate and enter to select\",\"MSG_en_March\":\"March\",\"MSG_en_Go to Today\":\"Go to Today\",\"MSG_en_Upload to Public Library\":\"Upload to Public Library\",\"MSG_en_Displays previous search result content\":\"Displays previous search result content\",\"MSG_en_Add widgets panel header\":\"Add widgets panel header\",\"MSG_en_about a month from now\":\"about a month from now\",\"MSG_en_about %d hours ago\":\"about %d hours ago\",\"MSG_en_offline\":\"Offline\",\"MSG_en_October\":\"October\",\"MSG_en_AC u_support_tools_case u_operating_system\":\"AC u_support_tools_case u_operating_system\",\"MSG_en_ajax_session_timeout_goto_login_confirm\":\"Your session has expired. Click OK to log in again.\",\"MSG_en_Log in\":\"Log in\",\"MSG_en_Missing mandatory fields\\n\\nTests and Checks Performed\\n\":\"Missing mandatory fields\\n\\nTests and Checks Performed\\n\",\"MSG_en_Rename {0}\":\"Rename {0}\",\"MSG_en_entered\":\"entered\",\"MSG_en_No records found\":\"No records found\",\"MSG_en_AC u_support_tools_case u_st_application\":\"AC u_support_tools_case u_st_application\",\"MSG_en_Thursday\":\"Thursday\",\"MSG_en_SMTWTFS\":\"SMTWTFS\",\"MSG_en_Search Library\":\"Search Library\",\"MSG_en_Section Tab Lists\":\"Section Tab Lists\",\"MSG_en_Uploading to Google Sheets\":\"Uploading to Google Sheets\",\"MSG_en_Cancel (ESC)\":\"Cancel (ESC)\",\"MSG_en_Monday\":\"Monday\",\"MSG_en_Real-time\":\"Real-time\",\"MSG_en_just now\":\"just now\",\"MSG_en_%d years_verbose\":\"%d years\",\"MSG_en_Invalid number\":\"Invalid number\",\"MSG_en_Attachment\":\"Attachment\",\"MSG_en_Changes have been made. Continuing will discard the changes.\":\"Changes have been made. Continuing will discard the changes.\",\"MSG_en_Friday\":\"Friday\",\"MSG_en_Mark row for deletion\":\"Mark row for deletion\",\"MSG_en_Displays Next search result content \":\"Displays Next search result content \",\"MSG_en_Sorted in descending order\":\"Sorted in descending order\",\"MSG_en_Security prevents writing to this field\":\"Security prevents writing to this field\",\"MSG_en_AC u_sno_case u_root_cause_ref\":\"AC u_sno_case u_root_cause_ref\",\"MSG_en_Mark for deletion\":\"Mark for deletion\",\"MSG_en_AC u_activecare_case u_closed_solution\":\"AC u_activecare_case u_closed_solution\",\"MSG_en_a day from now\":\"a day from now\",\"MSG_en_This form has annotations - click\":\"This form has annotations - click\",\"MSG_en_Same frame (_self)\":\"Same frame (_self)\",\"MSG_en_In the editor, press Alt+F10 to focus on the toolbar. Mac press Option+F10 to focus on the toolbar. Press escape to return to the editor.\":\"In the editor, press Alt+F10 to focus on the toolbar. Mac press Option+F10 to focus on the toolbar. Press escape to return to the editor.\",\"MSG_en_Invalid time\":\"Invalid time\",\"MSG_en_Follow interactive filter\":\"Follow interactive filter\",\"MSG_en_Removed Template bar landmark from bottom of form.\":\"Removed Template bar landmark from bottom of form.\",\"MSG_en_September\":\"September\",\"MSG_en_AC u_active_care_case_information u_case_information_heading\":\"AC u_active_care_case_information u_case_information_heading\",\"MSG_en_Select attachment {0}  for removal\":\"Select attachment {0}  for removal\",\"MSG_en_Showing rows {0} to {1} of {2}\":\"Showing rows {0} to {1} of {2}\",\"MSG_en_Image Library\":\"Image Library\",\"MSG_en_Searching\u2026\":\"Searching\u2026\",\"MSG_en_ rows will not be updated\":\" rows will not be updated\",\"MSG_en_Close Modal\":\"Close Modal\",\"MSG_en_to toggle them\":\"to toggle them\",\"MSG_en_1 row will be updated\":\"1 row will be updated\",\"MSG_en_Your session will expire within {X} minutes. Please complete your ongoing tasks to prevent loss of work.\":\"Your session will expire within {X} minutes. Please complete your ongoing tasks to prevent loss of work.\",\"MSG_en_1 row will not be updated\":\"1 row will not be updated\",\"MSG_en_Tuesday\":\"Tuesday\",\"MSG_en_about a month ago\":\"about a month ago\",\"MSG_en_Your current session will expire soon. Click extend to continue with your current session.\":\"Your current session will expire soon. Click extend to continue with your current session.\",\"MSG_en_Showing 1 through {0} of more than {1}\":\"Showing 1 through {0} of more than {1}\",\"MSG_en_November\":\"November\",\"MSG_en_probably offline\":\"probably offline\",\"MSG_en_Currently selected: \":\"Currently selected: \",\"MSG_en_Loading more results\u2026\":\"Loading more results\u2026\",\"MSG_en_to never show this again\":\"to never show this again\",\"MSG_en_Suggestion Message\":\"Suggestion Message\",\"MSG_en_Find Replaced Part\":\"Find Replaced Part\",\"MSG_en_Loading...\":\"Loading...\",\"MSG_en_about a year from now\":\"about a year from now\",\"MSG_en_View sheet\":\"View sheet\",\"MSG_en_This filter query cannot be edited\":\"This filter query cannot be edited\",\"MSG_en_Edit Attachments mode\":\"Edit Attachments mode\",\"MSG_en_Missing mandatory fields\\n\\nUrgency\\nFunction group\\nPart search / Part number\\nTests and Checks Performed\\n\":\"Missing mandatory fields\\n\\nUrgency\\nFunction group\\nPart search / Part number\\nTests and Checks Performed\\n\",\"MSG_en_Set <b>#{HTML:name}</b> to <b>#{HTML:value}</b>\":\"Set <b>#{HTML:name}</b> to <b>#{HTML:value}</b>\",\"MSG_en_maybe offline\":\"maybe offline\",\"MSG_en_Loading report...\":\"Loading report...\",\"MSG_en_Block cannot be deleted as it is currently being used in other articles\":\"Block cannot be deleted as it is currently being used in other articles\",\"MSG_en_December\":\"December\",\"MSG_en_Preview selected item: {0}\":\"Preview selected item: {0}\",\"MSG_en_Your session has expired.\":\"Your session has expired.\",\"MSG_en_Network\":\"Network\",\"MSG_en_Media Library\":\"Media Library\",\"MSG_en_Top frame (_top)\":\"Top frame (_top)\",\"MSG_en_about an hour ago\":\"about an hour ago\",\"MSG_en_about a year ago\":\"about a year ago\",\"MSG_en_{0} selected\":\"{0} selected\",\"MSG_en_Filtered {0} list showing {1} records\":\"Filtered {0} list showing {1} records\",\"MSG_en_[view]\":\"[view]\",\"MSG_en_Recent selections\":\"Recent selections\",\"MSG_en_View {0}\":\"View {0}\",\"MSG_en_One or more selected blocks cannot be deleted as they are currently being used in other articles\":\"One or more selected blocks cannot be deleted as they are currently being used in other articles\",\"MSG_en_AC u_tech_support_case u_dealer\":\"AC u_tech_support_case u_dealer\",\"MSG_en_AC u_case_action u_case\":\"AC u_case_action u_case\",\"MSG_en_Warning Message\":\"Warning Message\",\"MSG_en_Missing mandatory fields\\n\\nMachine application\\nDefect Code\\nTests and Checks Performed\\n\":\"Missing mandatory fields\\n\\nMachine application\\nDefect Code\\nTests and Checks Performed\\n\",\"MSG_en_Next month\":\"Next month\",\"MSG_en_about %d minutes ago\":\"about %d minutes ago\",\"MSG_en_about %d hours from now\":\"about %d hours from now\",\"MSG_en_Attaches the knowledge article to this form on save\":\"Attaches the knowledge article to this form on save\",\"MSG_en_about %d months ago\":\"about %d months ago\",\"MSG_en_May\":\"May\",\"MSG_en_Undo mark row for deletion\":\"Undo mark row for deletion\",\"MSG_en_AC u_active_care_case_information u_ac_case_information_description\":\"AC u_active_care_case_information u_ac_case_information_description\",\"MSG_en_about a minute from now\":\"about a minute from now\",\"MSG_en_about %d months from now\":\"about %d months from now\",\"MSG_en_Loading Attachments\":\"Loading Attachments\",\"MSG_en_about %d years ago\":\"about %d years ago\",\"MSG_en_#{HTML:name} is currently empty and hasn't been applied to the record yet.\":\"#{HTML:name} is currently empty and hasn't been applied to the record yet.\",\"MSG_en_Minute\":\"Minute\",\"MSG_en_AC u_activecare_case assignment_group\":\"AC u_activecare_case assignment_group\",\"MSG_en_Download {0}\":\"Download {0}\",\"MSG_en_Parse and Render\":\"Parse and Render\",\"MSG_en_See Details\":\"See Details\",\"MSG_en_about %d years from now\":\"about %d years from now\",\"MSG_en_Select the document\":\"Select the document\",\"MSG_en_Error uploading to Google Drive. Try again or contact your administrator.\":\"Error uploading to Google Drive. Try again or contact your administrator.\",\"MSG_en_Error Message\":\"Error Message\",\"MSG_en_{0} Section\":\"{0} Section\",\"MSG_en_Undo mark for deletion\":\"Undo mark for deletion\",\"MSG_en_AC sys_user u_allocated_process\":\"AC sys_user u_allocated_process\",\"MSG_en_Undo Changes\":\"Undo Changes\",\"MSG_en_%d minutes_verbose\":\"%d minutes\",\"MSG_en_a day ago\":\"a day ago\",\"MSG_en_%d days_verbose\":\"%d days\",\"MSG_en_Invalid reference\":\"Invalid reference\",\"MSG_en_Public Library\":\"Public Library\",\"MSG_en_Attachment List\":\"Attachment List\",\"MSG_en_#{HTML:name} Template Applied with #{errorCount} #{errorText}\":\"#{HTML:name} Template Applied with #{errorCount} #{errorText}\",\"MSG_en_AC u_sno_case assigned_to\":\"AC u_sno_case assigned_to\",\"MSG_en_#{item} not present on this form\":\"#{item} not present on this form\",\"MSG_en_AC u_included_material u_part\":\"AC u_included_material u_part\",\"MSG_en_Toggle theme\":\"Toggle theme\",\"MSG_en_Filtered {0} related list showing {1} records\":\"Filtered {0} related list showing {1} records\",\"MSG_en_about %d minutes from now\":\"about %d minutes from now\",\"MSG_en_There is a cell editor open on this page. Continuing will discard the changes.\":\"There is a cell editor open on this page. Continuing will discard the changes.\",\"MSG_en_%d months_verbose\":\"%d months\",\"MSG_en_April\":\"April\",\"MSG_en_#{HTML:name} Template not Applied\":\"#{HTML:name} Template not Applied\",\"MSG_en_August\":\"August\",\"MSG_en_Info Message\":\"Info Message\",\"MSG_en_Media uploading...\":\"Media uploading...\",\"MSG_en_about a minute ago\":\"about a minute ago\",\"MSG_en_NA\":\"NA\",\"MSG_en_Success Message\":\"Success Message\",\"MSG_en_Please select at lease one Replaced Part\":\"Please select at lease one Replaced Part\",\"MSG_en_Sunday\":\"Sunday\",\"MSG_en_Wednesday\":\"Wednesday\",\"MSG_en_true\":\"true\",\"MSG_en_Save\":\"Save\",\"MSG_en_No matches found\":\"No matches found\",\"MSG_en_ rows will be updated\":\" rows will be updated\",\"MSG_en_click here\":\"Click here\",\"MSG_en_%d days ago\":\"%d days ago\",\"MSG_en_Your login session has expired. Please login again.\":\"Your login session has expired. Please login again.\",\"MSG_en_A new record with this value will be created automatically\":\"A new record with this value will be created automatically\",\"MSG_en_{0}. In the editor, press Alt+F10 to focus on the toolbar. Mac press Option+F10 to focus on the toolbar. Press escape to return to the editor.\":\"{0}. In the editor, press Alt+F10 to focus on the toolbar. Mac press Option+F10 to focus on the toolbar. Press escape to return to the editor.\",\"MSG_en_about %d hours_verbose\":\"%d hours\",\"MSG_en_AC sys_user u_supported_brands\":\"AC sys_user u_supported_brands\",\"MSG_en_%d days from now\":\"%d days from now\",\"MSG_en_February\":\"February\",\"MSG_en_View attachment\":\"View attachment\",\"MSG_en_AC sys_user title\":\"AC sys_user title\",\"MSG_en_AC u_parts_support_case u_machine\":\"AC u_parts_support_case u_machine\",\"MSG_en_Delete row\":\"Delete row\",\"MSG_en_Download attachment\":\"Download attachment\",\"MSG_en_Sorted in ascending order\":\"Sorted in ascending order\",\"MSG_en_AC u_activecare_case assigned_to\":\"AC u_activecare_case assigned_to\",\"MSG_en_Second\":\"Second\",\"MSG_en_online\":\"Online\",\"MSG_en_New window (_blank)\":\"New window (_blank)\",\"MSG_en_Ok\":\"OK\"}"}, {"name": "sn.polaris.0dda7109fb31ae50b9dcf464aeefdc4c.flushstamp.en", "value": "{\"value\":\"-1803545311\",\"ttl\":86400000,\"ts\":1755234696008}"}, {"name": "sn.aisearch.search_application_list", "value": "{\"value\":[{\"sys_id\":{\"value\":\"00731b9d5b231010d9a5ce1a8581c7dd\"},\"search_engine\":{\"value\":\"ai_search\"}},{\"sys_id\":{\"value\":\"032819d78739ee10018d63573cbb35c1\"},\"search_engine\":{\"value\":\"zing\"}},{\"sys_id\":{\"value\":\"113e3f608742cd50b6edcbfc0ebb350e\"},\"search_engine\":{\"value\":\"ai_search\"}},{\"sys_id\":{\"value\":\"1e8dc4016fc16510d2c19cd64d2eab89\"},\"search_engine\":{\"value\":\"zing\"}},{\"sys_id\":{\"value\":\"2056f9de67621010b3d782f45685efd0\"},\"search_engine\":{\"value\":\"ai_search\"}},{\"sys_id\":{\"value\":\"2963a5fa530020103296ddeeff7b129f\"},\"search_engine\":{\"value\":\"ai_search\"}},{\"sys_id\":{\"value\":\"2e74f9b077e40210694782c79f5a99e8\"},\"search_engine\":{\"value\":\"ai_search\"}},{\"sys_id\":{\"value\":\"492f958dc30101103f4fcd7b7940dd2a\"},\"search_engine\":{\"value\":\"ai_search\"}},{\"sys_id\":{\"value\":\"4961e3e7871033000929717936cb0ba7\"},\"search_engine\":{\"value\":\"zing\"}},{\"sys_id\":{\"value\":\"49ce08f890c86810f8773b6c07752e1c\"},\"search_engine\":{\"value\":\"ai_search\"}},{\"sys_id\":{\"value\":\"52d4697943a151103084a921eab8f2d9\"},\"search_engine\":{\"value\":\"ai_search\"}},{\"sys_id\":{\"value\":\"54362cf6c32230100f24c87af040ddc3\"},\"search_engine\":{\"value\":\"ai_search\"}},{\"sys_id\":{\"value\":\"5b84f6f387103300e0ef0cf888cb0b05\"},\"search_engine\":{\"value\":null}},{\"sys_id\":{\"value\":\"60727f907360330018eea18d4ef6a7f6\"},\"search_engine\":{\"value\":\"zing\"}},{\"sys_id\":{\"value\":\"6c0bad4387fd6e10018d63573cbb355e\"},\"search_engine\":{\"value\":\"ai_search\"}},{\"sys_id\":{\"value\":\"6ebf8fe1531201107f03ddeeff7b122b\"},\"search_engine\":{\"value\":\"ai_search\"}},{\"sys_id\":{\"value\":\"7116f1991b4bf010f9a78e46604bcb8e\"},\"search_engine\":{\"value\":\"zing\"}},{\"sys_id\":{\"value\":\"81d0f85673032300c342d5fdbdf6a7b2\"},\"search_engine\":{\"value\":\"zing\"}},{\"sys_id\":{\"value\":\"9feafee55b7120109779b9a23381c768\"},\"search_engine\":{\"value\":\"ai_search\"}},{\"sys_id\":{\"value\":\"b55e71ef772b3110398eb3c64b5a9935\"},\"search_engine\":{\"value\":\"zing\"}},{\"sys_id\":{\"value\":\"c861cea2c7022010099a308dc7c26041\"},\"search_engine\":{\"value\":\"zing\"}},{\"sys_id\":{\"value\":\"ce74806c978aca10bacc3aece053afa5\"},\"search_engine\":{\"value\":\"ai_search\"}},{\"sys_id\":{\"value\":\"db9ab58ffffc21105841c9b7cddcbdfb\"},\"search_engine\":{\"value\":\"ai_search\"}},{\"sys_id\":{\"value\":\"de8dc40123c16510b257885dbf3f7e7f\"},\"search_engine\":{\"value\":\"ai_search\"}},{\"sys_id\":{\"value\":\"ee0ab7a81b833010f9a78e46604bcb57\"},\"search_engine\":{\"value\":\"zing\"}},{\"sys_id\":{\"value\":\"f1633693c3733010965e070e9140dd13\"},\"search_engine\":{\"value\":\"zing\"}},{\"sys_id\":{\"value\":\"f2ef671ddcf55510f877b9fffe5b8e99\"},\"search_engine\":{\"value\":\"ai_search\"}}],\"defaultTTL\":720000,\"ts\":1755234691531}"}, {"name": "sn.polaris.0dda7109fb31ae50b9dcf464aeefdc4c.headerMenuItems.en", "value": "{\"value\":[{\"order\":1,\"label\":\"All\",\"id\":\"d6e462a5c3533010cbd77096e940dd8c\",\"template\":\"tree\",\"subItems\":[{\"color\":\"transparent\",\"label\":\"Self-Service\",\"id\":\"05f9e952dbecc3004dd1f3361d961951\",\"canFavorite\":true,\"subItems\":[{\"type\":\"DIRECT\",\"label\":\"Dashboards\",\"id\":\"fa1a2192dbecc3004dd1f3361d961958\",\"route\":{\"params\":{\"target\":\"$pa_dashboard.do?sysparm_dashboard=86a0f2ecdb704b004dd1f3361d961979&sysparm_cancelable=true&sysparm_editable=false&sysparm_active_panel=false&sysparm_ignore_default_filter=false\"},\"route\":\"classic\"},\"open\":true,\"canFavorite\":true},{\"type\":\"DIRECT\",\"label\":\"Knowledge Base (Library/Bulletins)\",\"hint\":\"Search for and view knowledge articles\",\"id\":\"1a5a6952dbecc3004dd1f3361d96197d\",\"route\":{\"params\":{\"target\":\"kb/?id=kb_search\"},\"route\":\"classic\"},\"open\":true,\"canFavorite\":true},{\"type\":\"LIST\",\"label\":\"My Open Cases\",\"hint\":\"Cases requested by me\",\"id\":\"9fabed92dbecc3004dd1f3361d96191a\",\"route\":{\"params\":{\"target\":\"u_case_list.do?sysparm_userpref_module=9fabed92dbecc3004dd1f3361d96191a&sysparm_view=ess&sysparm_fixed_query=u_requestorDYNAMIC90d1921e5f510100a9ad2572f2b477fe^active=true^sys_class_name=u_tech_support_case^ORsys_class_name=u_support_tools_case^ORsys_class_name=u_dealer_pdi_case^ORsys_class_name=u_parts_support_case^ORsys_class_name=u_sno_case^ORsys_class_name=u_pm_case^ORsys_class_name=u_pm_initiate_phase^ORsys_class_name=u_pr_case^ORsys_class_name=u_pcr_case^ORsys_class_name=x_vne_uptime_initi_uptime_initiative^ORsys_class_name=x_vne_parts_on_she_parts_on_shelf\"},\"route\":\"classic\"},\"open\":true,\"canFavorite\":true},{\"type\":\"LIST\",\"label\":\"My Closed Cases\",\"hint\":\"Closed cases requested by me\",\"id\":\"d62d6192dbecc3004dd1f3361d9619cb\",\"route\":{\"params\":{\"target\":\"u_case_list.do?sysparm_userpref_module=d62d6192dbecc3004dd1f3361d9619cb&sysparm_view=ess&sysparm_fixed_query=u_requestorDYNAMIC90d1921e5f510100a9ad2572f2b477fe^stateIN3,4,7^sys_class_name=u_tech_support_case^ORsys_class_name=u_support_tools_case^ORsys_class_name=u_dealer_pdi_case^ORsys_class_name=u_parts_support_case^ORsys_class_name=u_sno_case^ORsys_class_name=u_pm_case^ORsys_class_name=u_pm_initiate_phase^ORsys_class_name=u_pr_case^ORsys_class_name=u_pcr_case\"},\"route\":\"classic\"},\"open\":true,\"canFavorite\":true},{\"type\":\"LIST\",\"label\":\"My Watched Cases\",\"hint\":\"Active cases where I am on the case watch list\",\"id\":\"395e7f6adba847004dd1f3361d9619b8\",\"route\":{\"params\":{\"target\":\"u_case_list.do?sysparm_userpref_module=395e7f6adba847004dd1f3361d9619b8&sysparm_view=ess&sysparm_query=watch_listLIKEjavascript%3Ags.getUserID%28%29%5Eactive%3Dtrue%5Esys_class_name%3Du_tech_support_case%5EORsys_class_name%3Du_support_tools_case%5EORsys_class_name%3Du_parts_support_case%5EORsys_class_name%3Du_dealer_pdi_case%5EORsys_class_name%3Du_sno_case%5EORsys_class_name%3Du_pm_case%5EORsys_class_name%3Du_pm_initiate_phase%5EORsys_class_name%3Du_pr_case%5EORsys_class_name%3Du_pcr_case%5EORsys_class_name%3Du_activecare_case%5EEQ\"},\"route\":\"classic\"},\"open\":true,\"canFavorite\":true},{\"type\":\"SEPARATOR\",\"label\":\"Organization Cases\",\"id\":\"a988da92dbe807004dd1f3361d9619d0\",\"actionType\":\"SEPARATOR\",\"open\":true,\"subItems\":[{\"type\":\"LIST\",\"label\":\"Open\",\"hint\":\"Open cases related to my dealer\",\"id\":\"1639de56dbe807004dd1f3361d96190d\",\"route\":{\"params\":{\"target\":\"u_case_list.do?sysparm_userpref_module=1639de56dbe807004dd1f3361d96190d&sysparm_view=ess&sysparm_fixed_query=active=true^state!=3^state!=4^sys_class_name=u_tech_support_case^ORsys_class_name=u_support_tools_case^ORsys_class_name=u_dealer_pdi_case^ORsys_class_name=u_parts_support_case^ORsys_class_name=u_sno_case^ORsys_class_name=u_pr_case^ORsys_class_name=u_pcr_case^ORsys_class_name=u_activecare_case\"},\"route\":\"classic\"},\"open\":true,\"canFavorite\":true},{\"type\":\"LIST\",\"label\":\"Closed\",\"hint\":\"Closed cases related to my dealer\",\"id\":\"5e3d3135dba54b40e4c6fd651d9619b8\",\"route\":{\"params\":{\"target\":\"u_case_list.do?sysparm_userpref_module=5e3d3135dba54b40e4c6fd651d9619b8&sysparm_view=ess&sysparm_fixed_query=state=3^ORstate=4^sys_class_name=u_tech_support_case^ORsys_class_name=u_support_tools_case^ORsys_class_name=u_dealer_pdi_case^ORsys_class_name=u_parts_support_case^ORsys_class_name=u_sno_case^ORsys_class_name=u_pr_case^ORsys_class_name=u_pcr_case^ORsys_class_name=u_activecare_case\"},\"route\":\"classic\"},\"open\":true,\"canFavorite\":true}]},{\"type\":\"SEPARATOR\",\"label\":\"Quality Cases\",\"id\":\"8f2aeff01bcc3f042e396428bd4bcb46\",\"actionType\":\"SEPARATOR\",\"open\":true,\"subItems\":[{\"type\":\"LIST\",\"label\":\"QC Initiate Phase - Open\",\"id\":\"af9aaf341bcc3f042e396428bd4bcb80\",\"route\":{\"params\":{\"target\":\"u_pm_initiate_phase_list.do?sysparm_userpref_module=af9aaf341bcc3f042e396428bd4bcb80&sysparm_query=active%3Dtrue%5Estate%21%3D-10%5EEQ\"},\"route\":\"classic\"},\"open\":true,\"canFavorite\":true},{\"type\":\"LIST\",\"label\":\"QC Initiate Phase - Closed\",\"id\":\"9ad99d9c1be033c46d8b32e2cd4bcb27\",\"route\":{\"params\":{\"target\":\"u_pm_initiate_phase_list.do?sysparm_userpref_module=9ad99d9c1be033c46d8b32e2cd4bcb27&sysparm_query=active%3Dfalse%5Estate%21%3D-10%5EEQ\"},\"route\":\"classic\"},\"open\":true,\"canFavorite\":true},{\"type\":\"LIST\",\"label\":\"Quality Case - Open\",\"id\":\"dd2f89bfdb5aabc020281ea6059619fe\",\"route\":{\"params\":{\"target\":\"u_pm_case_list.do?sysparm_userpref_module=dd2f89bfdb5aabc020281ea6059619fe&sysparm_view=ess&sysparm_query=stateNOT+IN-10%2C3%2C4%5EEQ\"},\"route\":\"classic\"},\"open\":true,\"canFavorite\":true},{\"type\":\"LIST\",\"label\":\"Quality Case - Closed\",\"id\":\"c28a9d9c1be033c46d8b32e2cd4bcbf7\",\"route\":{\"params\":{\"target\":\"u_pm_case_list.do?sysparm_userpref_module=c28a9d9c1be033c46d8b32e2cd4bcbf7&sysparm_view=ess&sysparm_query=stateIN3%2C4%5EEQ\"},\"route\":\"classic\"},\"open\":true,\"canFavorite\":true}]},{\"type\":\"SEPARATOR\",\"id\":\"98e088fadba847004dd1f3361d96192b\",\"actionType\":\"SEPARATOR\"},{\"type\":\"DETAIL\",\"label\":\"My Profile\",\"hint\":\"View or edit your user profile\",\"id\":\"328a2192dbecc3004dd1f3361d961960\",\"route\":{\"params\":{\"target\":\"sys_user.do?sysparm_stack=sys_user_list.do&sysparm_view=ess&sysparm_query=sys_id%3Djavascript%3Ags.getUserID%28%29%5EEQ&&sysparm_stack=no\"},\"route\":\"classic\"},\"open\":true,\"canFavorite\":true}]},{\"color\":\"transparent\",\"label\":\"Tech Support \",\"id\":\"decefde23783f6007cd6ab2943990e52\",\"canFavorite\":true,\"subItems\":[{\"type\":\"DIRECT\",\"label\":\"Dashboard\",\"hint\":\"Fulfiller Dashboard\",\"id\":\"9faea736dbbc4f004dd1f3361d9619a5\",\"route\":{\"params\":{\"target\":\"$pa_dashboard.do?sysparm_dashboard=8d806be8dbb1c3c0e4c6fd651d9619ff&sysparm_tab=e1a0ebe8dbb1c3c0e4c6fd651d961932&sysparm_cancelable=true&sysparm_editable=false&sysparm_active_panel=false&sysparm_ignore_default_filter=false\"},\"route\":\"classic\"},\"open\":true,\"canFavorite\":true},{\"type\":\"NEW\",\"label\":\"Create TS Case\",\"id\":\"75ee67f6dbbc4f004dd1f3361d9619e7\",\"route\":{\"params\":{\"target\":\"u_tech_support_case.do?sys_id=-1&sysparm_stack=u_tech_support_case_list.do\"},\"route\":\"classic\"},\"open\":true,\"canFavorite\":true},{\"type\":\"LIST\",\"label\":\"All Open Cases\",\"id\":\"17af91841bb33090f9a78e46604bcb42\",\"route\":{\"params\":{\"target\":\"u_tech_support_case_list.do?sysparm_userpref_module=17af91841bb33090f9a78e46604bcb42&sysparm_query=state%21%3D-10%5Estate%21%3D3%5Eactive%3Dtrue%5EEQ\"},\"route\":\"classic\"},\"open\":true,\"canFavorite\":true},{\"type\":\"LIST\",\"label\":\"My Watchlist Cases\",\"id\":\"be4e2f32dbbc4f004dd1f3361d961968\",\"route\":{\"params\":{\"target\":\"u_tech_support_case_list.do?sysparm_userpref_module=be4e2f32dbbc4f004dd1f3361d961968&sysparm_query=u_internal_watch_listLIKEjavascript%3Ags.getUserID%28%29%5EORwatch_listLIKEjavascript%3Ags.getUserID%28%29%5EEQ\"},\"route\":\"classic\"},\"open\":true,\"canFavorite\":true},{\"type\":\"LIST\",\"label\":\"Cases I am involved in\",\"id\":\"38b7cfc6dbbfc7004dd1f3361d961985\",\"route\":{\"params\":{\"target\":\"u_case_list.do?sysparm_userpref_module=38b7cfc6dbbfc7004dd1f3361d961985&sysparm_query=assigned_toDYNAMIC90d1921e5f510100a9ad2572f2b477fe%5EORu_requestorDYNAMIC90d1921e5f510100a9ad2572f2b477fe%5EORsys_created_by%3Djavascript%3Ags.getUserName%28%29%5EORwatch_listLIKEjavascript%3Ags.getUserID%28%29%5EORu_audit_listLIKEjavascript%3Ags.getUserID%28%29%5Estate%21%3D-10%5Estate%21%3D3%5Estate%21%3D4%5Eactive%3Dtrue%5EEQ\"},\"route\":\"classic\"},\"open\":true,\"canFavorite\":true},{\"type\":\"SEPARATOR\",\"label\":\"My Cases (Volvo)\",\"id\":\"a8d385afdb70cf004dd1f3361d9619c2\",\"actionType\":\"SEPARATOR\",\"open\":true,\"subItems\":[{\"type\":\"LIST\",\"label\":\"In Progress\",\"id\":\"702489afdb70cf004dd1f3361d96198f\",\"route\":{\"params\":{\"target\":\"u_tech_support_case_list.do?sysparm_userpref_module=702489afdb70cf004dd1f3361d96198f&sysparm_query=active%3Dtrue%5Estate%3D2%5Eassigned_toDYNAMIC90d1921e5f510100a9ad2572f2b477fe%5EEQ\"},\"route\":\"classic\"},\"open\":true,\"canFavorite\":true},{\"type\":\"LIST\",\"label\":\"Accept/Reject\",\"id\":\"68843e65dbb4cb004dd1f3361d961959\",\"route\":{\"params\":{\"target\":\"u_tech_support_case_list.do?sysparm_userpref_module=68843e65dbb4cb004dd1f3361d961959&sysparm_query=state%3D-30%5Eassigned_toDYNAMIC90d1921e5f510100a9ad2572f2b477fe%5Eactive%3Dtrue%5EEQ\"},\"route\":\"classic\"},\"open\":true,\"canFavorite\":true},{\"type\":\"LIST\",\"label\":\"Action Required\",\"id\":\"db90fff6dbbc4f004dd1f3361d9619af\",\"route\":{\"params\":{\"target\":\"u_tech_support_case_list.do?sysparm_userpref_module=db90fff6dbbc4f004dd1f3361d9619af&sysparm_query=state%3D-50%5EORu_exp_action_required%3Dtrue%5Eassigned_toDYNAMIC90d1921e5f510100a9ad2572f2b477fe%5Eactive%3Dtrue%5EEQ\"},\"route\":\"classic\"},\"open\":true,\"canFavorite\":true},{\"type\":\"LIST\",\"label\":\"Open\",\"id\":\"23343e65dbb4cb004dd1f3361d96190a\",\"route\":{\"params\":{\"target\":\"u_tech_support_case_list.do?sysparm_userpref_module=23343e65dbb4cb004dd1f3361d96190a&sysparm_query=stateNOT+IN-10%2C3%5Eassigned_toDYNAMIC90d1921e5f510100a9ad2572f2b477fe%5Eactive%3Dtrue%5EEQ\"},\"route\":\"classic\"},\"open\":true,\"canFavorite\":true},{\"type\":\"LIST\",\"label\":\"Closed\",\"id\":\"6801fff6dbbc4f004dd1f3361d9619e8\",\"route\":{\"params\":{\"target\":\"u_tech_support_case_list.do?sysparm_userpref_module=6801fff6dbbc4f004dd1f3361d9619e8&sysparm_query=state%3D3%5Eassigned_toDYNAMIC90d1921e5f510100a9ad2572f2b477fe%5Eactive%3Dfalse%5EEQ\"},\"route\":\"classic\"},\"open\":true,\"canFavorite\":true}]},{\"type\":\"SEPARATOR\",\"label\":\"My Groups Cases (Volvo)\",\"id\":\"83e4b2a5dbb4cb004dd1f3361d961937\",\"actionType\":\"SEPARATOR\",\"open\":true,\"subItems\":[{\"type\":\"LIST\",\"label\":\"Initiated\",\"id\":\"93ef6ff6dbbc4f004dd1f3361d96193a\",\"route\":{\"params\":{\"target\":\"u_tech_support_case_list.do?sysparm_userpref_module=93ef6ff6dbbc4f004dd1f3361d96193a&sysparm_query=state%3D1%5Eassignment_groupDYNAMICd6435e965f510100a9ad2572f2b47744%5Eactive%3Dtrue%5EEQ\"},\"route\":\"classic\"},\"open\":true,\"canFavorite\":true},{\"type\":\"LIST\",\"label\":\"In Progress\",\"id\":\"d82532a5dbb4cb004dd1f3361d96193f\",\"route\":{\"params\":{\"target\":\"u_tech_support_case_list.do?sysparm_userpref_module=d82532a5dbb4cb004dd1f3361d96193f&sysparm_query=state%3D2%5Eassignment_groupDYNAMICd6435e965f510100a9ad2572f2b47744%5Eactive%3Dtrue%5EEQ\"},\"route\":\"classic\"},\"open\":true,\"canFavorite\":true},{\"type\":\"LIST\",\"label\":\"Accept/Reject\",\"id\":\"c210f3f6dbbc4f004dd1f3361d9619c2\",\"route\":{\"params\":{\"target\":\"u_tech_support_case_list.do?sysparm_userpref_module=c210f3f6dbbc4f004dd1f3361d9619c2&sysparm_query=state%3D-30%5Eassignment_groupDYNAMICd6435e965f510100a9ad2572f2b47744%5Eactive%3Dtrue%5EEQ\"},\"route\":\"classic\"},\"open\":true,\"canFavorite\":true},{\"type\":\"LIST\",\"label\":\"Action Required\",\"id\":\"c160fff6dbbc4f004dd1f3361d9619e1\",\"route\":{\"params\":{\"target\":\"u_tech_support_case_list.do?sysparm_userpref_module=c160fff6dbbc4f004dd1f3361d9619e1&sysparm_query=state%3D-50%5EORu_exp_action_required%3Dtrue%5Eassignment_groupDYNAMICd6435e965f510100a9ad2572f2b47744%5Eactive%3Dtrue%5EEQ\"},\"route\":\"classic\"},\"open\":true,\"canFavorite\":true},{\"type\":\"LIST\",\"label\":\"Open\",\"id\":\"62e6f2e5dbb4cb004dd1f3361d96193c\",\"route\":{\"params\":{\"target\":\"u_tech_support_case_list.do?sysparm_userpref_module=62e6f2e5dbb4cb004dd1f3361d96193c&sysparm_query=stateNOT+IN-10%2C3%5Eassignment_groupDYNAMICd6435e965f510100a9ad2572f2b47744%5Eactive%3Dtrue%5EEQ\"},\"route\":\"classic\"},\"open\":true,\"canFavorite\":true},{\"type\":\"LIST\",\"label\":\"Closed\",\"id\":\"c391cd2fdb70cf004dd1f3361d961994\",\"route\":{\"params\":{\"target\":\"u_tech_support_case_list.do?sysparm_userpref_module=c391cd2fdb70cf004dd1f3361d961994&sysparm_query=state%3D3%5Eassignment_groupDYNAMICd6435e965f510100a9ad2572f2b47744%5Eactive%3Dfalse%5EEQ\"},\"route\":\"classic\"},\"open\":true,\"canFavorite\":true}]}]},{\"color\":\"transparent\",\"label\":\"Support Tools\",\"id\":\"1de66e0437dff600f59242f643990e81\",\"canFavorite\":true,\"subItems\":[{\"type\":\"DIRECT\",\"label\":\"Dashboard\",\"hint\":\"Fulfiller Dashboard\",\"id\":\"3c3302d9dbefc3404dd1f3361d961938\",\"route\":{\"params\":{\"target\":\"$pa_dashboard.do?sysparm_dashboard=3a71ff19db274f00e4c6fd651d9619d0&sysparm_cancelable=true&sysparm_editable=false&sysparm_active_panel=false&sysparm_ignore_default_filter=false\"},\"route\":\"classic\"},\"open\":true,\"canFavorite\":true},{\"type\":\"NEW\",\"label\":\"Create ST Case\",\"id\":\"c5a1fb3adbbc4f004dd1f3361d96195c\",\"route\":{\"params\":{\"target\":\"u_support_tools_case.do?sys_id=-1&sysparm_stack=u_support_tools_case_list.do\"},\"route\":\"classic\"},\"open\":true,\"canFavorite\":true},{\"type\":\"LIST\",\"label\":\"All Open Cases\",\"id\":\"95e66e0437dff600f59242f643990e84\",\"route\":{\"params\":{\"target\":\"u_support_tools_case_list.do?sysparm_userpref_module=95e66e0437dff600f59242f643990e84&sysparm_query=state%21%3D-10%5Estate%21%3D3%5Eactive%3Dtrue%5EEQ\"},\"route\":\"classic\"},\"open\":true,\"canFavorite\":true},{\"type\":\"LIST\",\"label\":\"My Watchlist Cases\",\"id\":\"3c79d5e1dbce4300e4c6fd651d961937\",\"route\":{\"params\":{\"target\":\"u_support_tools_case_list.do?sysparm_userpref_module=3c79d5e1dbce4300e4c6fd651d961937&sysparm_query=u_internal_watch_listLIKEjavascript%3Ags.getUserID%28%29%5EORwatch_listLIKEjavascript%3Ags.getUserID%28%29%5EEQ\"},\"route\":\"classic\"},\"open\":true,\"canFavorite\":true},{\"type\":\"LIST\",\"label\":\"Cases I am involved in\",\"id\":\"ea2fc8a2db334b004dd1f3361d96197f\",\"route\":{\"params\":{\"target\":\"u_case_list.do?sysparm_userpref_module=ea2fc8a2db334b004dd1f3361d96197f&sysparm_query=assigned_toDYNAMIC90d1921e5f510100a9ad2572f2b477fe%5EORu_requestorDYNAMIC90d1921e5f510100a9ad2572f2b477fe%5EORsys_created_by%3Djavascript%3Ags.getUserName%28%29%5EORwatch_listLIKEjavascript%3Ags.getUserID%28%29%5EORu_audit_listLIKEjavascript%3Ags.getUserID%28%29%5Estate%21%3D-10%5Estate%21%3D3%5Estate%21%3D4%5Eactive%3Dtrue%5EEQ\"},\"route\":\"classic\"},\"open\":true,\"canFavorite\":true},{\"type\":\"SEPARATOR\",\"label\":\"My Cases\",\"id\":\"836e6f70db4a0300e4c6fd651d9619fc\",\"actionType\":\"SEPARATOR\",\"open\":true,\"subItems\":[{\"type\":\"LIST\",\"label\":\"In Progress\",\"id\":\"276c8529db0e4300e4c6fd651d96190e\",\"route\":{\"params\":{\"target\":\"u_support_tools_case_list.do?sysparm_userpref_module=276c8529db0e4300e4c6fd651d96190e&sysparm_query=state%3D2%5Eassigned_toDYNAMIC90d1921e5f510100a9ad2572f2b477fe%5EORu_requestorDYNAMIC90d1921e5f510100a9ad2572f2b477fe%5Eactive%3Dtrue%5EEQ\"},\"route\":\"classic\"},\"open\":true,\"canFavorite\":true},{\"type\":\"LIST\",\"label\":\"Accept/Reject\",\"id\":\"451c01e5db0e4300e4c6fd651d9619c6\",\"route\":{\"params\":{\"target\":\"u_support_tools_case_list.do?sysparm_userpref_module=451c01e5db0e4300e4c6fd651d9619c6&sysparm_query=state%3D-30%5Eassigned_toDYNAMIC90d1921e5f510100a9ad2572f2b477fe%5EORu_requestorDYNAMIC90d1921e5f510100a9ad2572f2b477fe%5Eactive%3Dtrue%5EEQ\"},\"route\":\"classic\"},\"open\":true,\"canFavorite\":true},{\"type\":\"LIST\",\"label\":\"Action Required\",\"id\":\"3a8cc9e5db0e4300e4c6fd651d96194d\",\"route\":{\"params\":{\"target\":\"u_support_tools_case_list.do?sysparm_userpref_module=3a8cc9e5db0e4300e4c6fd651d96194d&sysparm_query=state%3D-50%5Eassigned_toDYNAMIC90d1921e5f510100a9ad2572f2b477fe%5EORu_requestorDYNAMIC90d1921e5f510100a9ad2572f2b477fe%5Eactive%3Dtrue%5EEQ\"},\"route\":\"classic\"},\"open\":true,\"canFavorite\":true},{\"type\":\"LIST\",\"label\":\"Open \",\"id\":\"62637b3adbbc4f004dd1f3361d9619f1\",\"route\":{\"params\":{\"target\":\"u_support_tools_case_list.do?sysparm_userpref_module=62637b3adbbc4f004dd1f3361d9619f1&sysparm_query=stateNOT+IN-10%2C3%5Eassigned_toDYNAMIC90d1921e5f510100a9ad2572f2b477fe%5EORu_requestorDYNAMIC90d1921e5f510100a9ad2572f2b477fe%5Eactive%3Dtrue%5EEQ\"},\"route\":\"classic\"},\"open\":true,\"canFavorite\":true},{\"type\":\"LIST\",\"label\":\"Closed\",\"id\":\"b51d85e5db0e4300e4c6fd651d9619db\",\"route\":{\"params\":{\"target\":\"u_support_tools_case_list.do?sysparm_userpref_module=b51d85e5db0e4300e4c6fd651d9619db&sysparm_query=state%3D3%5Eassigned_toDYNAMIC90d1921e5f510100a9ad2572f2b477fe%5EORu_requestorDYNAMIC90d1921e5f510100a9ad2572f2b477fe%5Eactive%3Dfalse%5EEQ\"},\"route\":\"classic\"},\"open\":true,\"canFavorite\":true}]},{\"type\":\"SEPARATOR\",\"label\":\"My Groups Cases\",\"id\":\"8f23bb7adbbc4f004dd1f3361d9619fc\",\"actionType\":\"SEPARATOR\",\"open\":true,\"subItems\":[{\"type\":\"LIST\",\"label\":\"Initiated\",\"id\":\"114ec1addb0e4300e4c6fd651d96199e\",\"route\":{\"params\":{\"target\":\"u_support_tools_case_list.do?sysparm_userpref_module=114ec1addb0e4300e4c6fd651d96199e&sysparm_query=assignment_groupDYNAMICd6435e965f510100a9ad2572f2b47744%5Estate%3D1%5Eactive%3Dtrue%5EEQ\"},\"route\":\"classic\"},\"open\":true,\"canFavorite\":true},{\"type\":\"LIST\",\"label\":\"In Progress\",\"id\":\"b6e7916ddb8e4300e4c6fd651d96193a\",\"route\":{\"params\":{\"target\":\"u_support_tools_case_list.do?sysparm_userpref_module=b6e7916ddb8e4300e4c6fd651d96193a&sysparm_query=assignment_groupDYNAMICd6435e965f510100a9ad2572f2b47744%5Estate%3D2%5Eactive%3Dtrue%5EEQ\"},\"route\":\"classic\"},\"open\":true,\"canFavorite\":true},{\"type\":\"LIST\",\"label\":\"Accept/Reject\",\"id\":\"d138d92ddb8e4300e4c6fd651d96193b\",\"route\":{\"params\":{\"target\":\"u_support_tools_case_list.do?sysparm_userpref_module=d138d92ddb8e4300e4c6fd651d96193b&sysparm_query=assignment_groupDYNAMICd6435e965f510100a9ad2572f2b47744%5Estate%3D-30%5Eactive%3Dtrue%5EEQ\"},\"route\":\"classic\"},\"open\":true,\"canFavorite\":true},{\"type\":\"LIST\",\"label\":\"Action Required\",\"id\":\"ab4891eddb8e4300e4c6fd651d96194c\",\"route\":{\"params\":{\"target\":\"u_support_tools_case_list.do?sysparm_userpref_module=ab4891eddb8e4300e4c6fd651d96194c&sysparm_query=assignment_groupDYNAMICd6435e965f510100a9ad2572f2b47744%5Estate%3D-50%5Eactive%3Dtrue%5EEQ\"},\"route\":\"classic\"},\"open\":true,\"canFavorite\":true},{\"type\":\"LIST\",\"label\":\"Open \",\"id\":\"b83f27fcdb0a0300e4c6fd651d9619de\",\"route\":{\"params\":{\"target\":\"u_support_tools_case_list.do?sysparm_userpref_module=b83f27fcdb0a0300e4c6fd651d9619de&sysparm_query=stateNOT+IN-10%2C3%5Eassignment_groupDYNAMICd6435e965f510100a9ad2572f2b47744%5Eactive%3Dtrue%5EEQ\"},\"route\":\"classic\"},\"open\":true,\"canFavorite\":true},{\"type\":\"LIST\",\"label\":\"Closed \",\"id\":\"f0f1b3b7db0a278020281ea60596196e\",\"route\":{\"params\":{\"target\":\"u_support_tools_case_list.do?sysparm_userpref_module=f0f1b3b7db0a278020281ea60596196e&sysparm_query=state%3D3%5Eassignment_groupDYNAMICd6435e965f510100a9ad2572f2b47744%5Eactive%3Dfalse%5EEQ\"},\"route\":\"classic\"},\"open\":true,\"canFavorite\":true}]}]},{\"color\":\"transparent\",\"label\":\"Parts Support Case\",\"id\":\"b05d870c37133a00f59242f643990e68\",\"canFavorite\":true,\"subItems\":[{\"type\":\"DIRECT\",\"label\":\"Dashboard\",\"hint\":\"Fulfiller Dashboard\",\"id\":\"82cdbda5dbc68300e4c6fd651d961907\",\"route\":{\"params\":{\"target\":\"$pa_dashboard.do?sysparm_dashboard=f0dc1fe2dbd957007960384c7c9619e0&sysparm_cancelable=true&sysparm_editable=false&sysparm_active_panel=false&sysparm_ignore_default_filter=false\"},\"route\":\"classic\"},\"open\":true,\"canFavorite\":true},{\"type\":\"SEPARATOR\",\"label\":\"My Cases\",\"id\":\"c7208aaddbc68300e4c6fd651d961927\",\"actionType\":\"SEPARATOR\",\"open\":true,\"subItems\":[{\"type\":\"LIST\",\"label\":\"In Progress\",\"id\":\"f840c6a9dbc68300e4c6fd651d9619b0\",\"route\":{\"params\":{\"target\":\"u_parts_support_case_list.do?sysparm_userpref_module=f840c6a9dbc68300e4c6fd651d9619b0&sysparm_query=state%3D2%5Eassigned_toDYNAMIC90d1921e5f510100a9ad2572f2b477fe%5EORu_requestorDYNAMIC90d1921e5f510100a9ad2572f2b477fe%5Eactive%3Dtrue%5EEQ\"},\"route\":\"classic\"},\"open\":true,\"canFavorite\":true},{\"type\":\"LIST\",\"label\":\"Accept/Reject\",\"id\":\"0ca04221db0a8300e4c6fd651d96194f\",\"route\":{\"params\":{\"target\":\"u_parts_support_case_list.do?sysparm_userpref_module=0ca04221db0a8300e4c6fd651d96194f&sysparm_query=state%3D-30%5Eassigned_toDYNAMIC90d1921e5f510100a9ad2572f2b477fe%5EORu_requestorDYNAMIC90d1921e5f510100a9ad2572f2b477fe%5Eactive%3Dtrue%5EEQ\"},\"route\":\"classic\"},\"open\":true,\"canFavorite\":true},{\"type\":\"LIST\",\"label\":\"Action Required\",\"id\":\"74c002eddbc68300e4c6fd651d961936\",\"route\":{\"params\":{\"target\":\"u_parts_support_case_list.do?sysparm_userpref_module=74c002eddbc68300e4c6fd651d961936&sysparm_query=state%3D-50%5Eassigned_toDYNAMIC90d1921e5f510100a9ad2572f2b477fe%5EORu_requestorDYNAMIC90d1921e5f510100a9ad2572f2b477fe%5Eactive%3Dtrue%5EEQ\"},\"route\":\"classic\"},\"open\":true,\"canFavorite\":true},{\"type\":\"LIST\",\"label\":\"Open\",\"id\":\"a3e00ae9dbc68300e4c6fd651d961923\",\"route\":{\"params\":{\"target\":\"u_parts_support_case_list.do?sysparm_userpref_module=a3e00ae9dbc68300e4c6fd651d961923&sysparm_query=state%21%3D-10%5Eassigned_toDYNAMIC90d1921e5f510100a9ad2572f2b477fe%5EORu_requestorDYNAMIC90d1921e5f510100a9ad2572f2b477fe%5Estate%21%3D3%5Eactive%3Dtrue%5EEQ\"},\"route\":\"classic\"},\"open\":true,\"canFavorite\":true},{\"type\":\"LIST\",\"label\":\"Closed\",\"id\":\"e78252c5dbccdb00e4c6fd651d961973\",\"route\":{\"params\":{\"target\":\"u_parts_support_case_list.do?sysparm_userpref_module=e78252c5dbccdb00e4c6fd651d961973&sysparm_query=state%3D3%5Eassigned_toDYNAMIC90d1921e5f510100a9ad2572f2b477fe%5EORu_requestorDYNAMIC90d1921e5f510100a9ad2572f2b477fe%5Eactive%3Dfalse%5EEQ\"},\"route\":\"classic\"},\"open\":true,\"canFavorite\":true}]},{\"type\":\"SEPARATOR\",\"label\":\"My Groups Cases\",\"id\":\"b31242e1db0a8300e4c6fd651d961915\",\"actionType\":\"SEPARATOR\",\"open\":true,\"subItems\":[{\"type\":\"LIST\",\"label\":\"Initiated\",\"id\":\"28528a21db0a8300e4c6fd651d9619ab\",\"route\":{\"params\":{\"target\":\"u_parts_support_case_list.do?sysparm_userpref_module=28528a21db0a8300e4c6fd651d9619ab&sysparm_query=assignment_groupDYNAMICd6435e965f510100a9ad2572f2b47744%5Estate%3D1%5Eactive%3Dtrue%5EEQ\"},\"route\":\"classic\"},\"open\":true,\"canFavorite\":true},{\"type\":\"LIST\",\"label\":\"In Progress\",\"id\":\"b3724261db0a8300e4c6fd651d96193a\",\"route\":{\"params\":{\"target\":\"u_parts_support_case_list.do?sysparm_userpref_module=b3724261db0a8300e4c6fd651d96193a&sysparm_query=assignment_groupDYNAMICd6435e965f510100a9ad2572f2b47744%5Estate%3D2%5Eactive%3Dtrue%5EEQ\"},\"route\":\"classic\"},\"open\":true,\"canFavorite\":true},{\"type\":\"LIST\",\"label\":\"Accept/Reject\",\"id\":\"69c20e65db0a8300e4c6fd651d961903\",\"route\":{\"params\":{\"target\":\"u_parts_support_case_list.do?sysparm_userpref_module=69c20e65db0a8300e4c6fd651d961903&sysparm_query=assignment_groupDYNAMICd6435e965f510100a9ad2572f2b47744%5Estate%3D-30%5Eactive%3Dtrue%5EEQ\"},\"route\":\"classic\"},\"open\":true,\"canFavorite\":true},{\"type\":\"LIST\",\"label\":\"Action Required\",\"id\":\"2ed2c265db0a8300e4c6fd651d9619d5\",\"route\":{\"params\":{\"target\":\"u_parts_support_case_list.do?sysparm_userpref_module=2ed2c265db0a8300e4c6fd651d9619d5&sysparm_query=assignment_groupDYNAMICd6435e965f510100a9ad2572f2b47744%5Estate%3D%5Eactive%3Dtrue%5EEQ\"},\"route\":\"classic\"},\"open\":true,\"canFavorite\":true},{\"type\":\"LIST\",\"label\":\"Open\",\"id\":\"5d234aa5db0a8300e4c6fd651d961986\",\"route\":{\"params\":{\"target\":\"u_parts_support_case_list.do?sysparm_userpref_module=5d234aa5db0a8300e4c6fd651d961986&sysparm_query=assignment_groupDYNAMICd6435e965f510100a9ad2572f2b47744%5Estate%21%3D-10%5Estate%21%3D3%5Eactive%3Dtrue%5EEQ\"},\"route\":\"classic\"},\"open\":true,\"canFavorite\":true},{\"type\":\"LIST\",\"label\":\"Closed\",\"id\":\"e8b292c5dbccdb00e4c6fd651d96192c\",\"route\":{\"params\":{\"target\":\"u_parts_support_case_list.do?sysparm_userpref_module=e8b292c5dbccdb00e4c6fd651d96192c&sysparm_query=assignment_groupDYNAMICd6435e965f510100a9ad2572f2b47744%5Estate%3D3%5Eactive%3Dfalse%5EEQ\"},\"route\":\"classic\"},\"open\":true,\"canFavorite\":true}]}]},{\"color\":\"transparent\",\"label\":\"Pre Delivery Inspection \",\"id\":\"21b53a02dbfe9b001a3cf9851d96194b\",\"canFavorite\":true,\"subItems\":[{\"type\":\"LIST\",\"label\":\"PDI Cases\",\"id\":\"edb53a02dbfe9b001a3cf9851d96194d\",\"route\":{\"params\":{\"target\":\"u_dealer_pdi_case_list.do?sysparm_userpref_module=edb53a02dbfe9b001a3cf9851d96194d\"},\"route\":\"classic\"},\"open\":true,\"canFavorite\":true},{\"type\":\"DIRECT\",\"label\":\"Dashboard\",\"hint\":\"Fulfiller Dashboard\",\"id\":\"d368ec57dbc343004dd1f3361d9619cb\",\"route\":{\"params\":{\"target\":\"$pa_dashboard.do?sysparm_dashboard=93d7a457dbc343004dd1f3361d961984&sysparm_cancelable=true&sysparm_editable=false&sysparm_active_panel=false&sysparm_ignore_default_filter=false\"},\"route\":\"classic\"},\"open\":true,\"canFavorite\":true},{\"type\":\"NEW\",\"label\":\"Create PDI Case\",\"id\":\"47effaa8db9bd7407960384c7c96197e\",\"route\":{\"params\":{\"target\":\"u_dealer_pdi_case.do?sys_id=-1&sysparm_stack=u_dealer_pdi_case_list.do\"},\"route\":\"classic\"},\"open\":true,\"canFavorite\":true},{\"type\":\"LIST\",\"label\":\"All Open Cases\",\"id\":\"25b8f968dbd7d7407960384c7c9619fc\",\"route\":{\"params\":{\"target\":\"u_dealer_pdi_case_list.do?sysparm_userpref_module=25b8f968dbd7d7407960384c7c9619fc&sysparm_query=state%21%3D-10%5Estate%21%3D3%5Eactive%3Dtrue%5EEQ\"},\"route\":\"classic\"},\"open\":true,\"canFavorite\":true},{\"type\":\"LIST\",\"label\":\"My Watchlist Cases\",\"id\":\"5181673cdbd35b401a3cf9851d961906\",\"route\":{\"params\":{\"target\":\"u_dealer_pdi_case_list.do?sysparm_userpref_module=5181673cdbd35b401a3cf9851d961906&sysparm_query=u_internal_watch_listLIKEjavascript%3Ags.getUserID%28%29%5EORwatch_listLIKEjavascript%3Ags.getUserID%28%29%5EEQ\"},\"route\":\"classic\"},\"open\":true,\"canFavorite\":true},{\"type\":\"LIST\",\"label\":\"Cases I am involved in\",\"id\":\"720da3b0db175b401a3cf9851d96191a\",\"route\":{\"params\":{\"target\":\"u_dealer_pdi_case_list.do?sysparm_userpref_module=720da3b0db175b401a3cf9851d96191a&sysparm_query=assigned_toDYNAMIC90d1921e5f510100a9ad2572f2b477fe%5EORu_requestorDYNAMIC90d1921e5f510100a9ad2572f2b477fe%5EORsys_created_by%3Djavascript%3Ags.getUserName%28%29%5EORwatch_listLIKEjavascript%3Ags.getUserID%28%29%5EORu_audit_listLIKEjavascript%3Ags.getUserID%28%29%5Estate%21%3D-10%5Estate%21%3D3%5Eactive%3Dtrue%5EEQ\"},\"route\":\"classic\"},\"open\":true,\"canFavorite\":true},{\"type\":\"SEPARATOR\",\"label\":\"My Cases \",\"id\":\"0c901c05db575b401a3cf9851d961958\",\"actionType\":\"SEPARATOR\",\"open\":true,\"subItems\":[{\"type\":\"LIST\",\"label\":\"In Progress\",\"id\":\"eff05805db575b401a3cf9851d9619d8\",\"route\":{\"params\":{\"target\":\"u_dealer_pdi_case_list.do?sysparm_userpref_module=eff05805db575b401a3cf9851d9619d8&sysparm_query=state%3D2%5Eassigned_toDYNAMIC90d1921e5f510100a9ad2572f2b477fe%5EORu_requestorDYNAMIC90d1921e5f510100a9ad2572f2b477fe%5Eactive%3Dtrue%5EEQ\"},\"route\":\"classic\"},\"open\":true,\"canFavorite\":true},{\"type\":\"LIST\",\"label\":\"Action Required\",\"id\":\"b0715805db575b401a3cf9851d96199c\",\"route\":{\"params\":{\"target\":\"u_dealer_pdi_case_list.do?sysparm_userpref_module=b0715805db575b401a3cf9851d96199c&sysparm_query=state%3D-50%5Eassigned_toDYNAMIC90d1921e5f510100a9ad2572f2b477fe%5EORu_requestorDYNAMIC90d1921e5f510100a9ad2572f2b477fe%5Eactive%3Dtrue%5EEQ\"},\"route\":\"classic\"},\"open\":true,\"canFavorite\":true},{\"type\":\"LIST\",\"label\":\"Closed\",\"id\":\"5ed11445db575b401a3cf9851d961989\",\"route\":{\"params\":{\"target\":\"u_dealer_pdi_case_list.do?sysparm_userpref_module=5ed11445db575b401a3cf9851d961989&sysparm_query=state%3D3%5Eassigned_toDYNAMIC90d1921e5f510100a9ad2572f2b477fe%5EORu_requestorDYNAMIC90d1921e5f510100a9ad2572f2b477fe%5Eactive%3Dfalse%5EEQ\"},\"route\":\"classic\"},\"open\":true,\"canFavorite\":true}]},{\"type\":\"SEPARATOR\",\"label\":\"My Group Cases \",\"id\":\"c8f15845db575b401a3cf9851d9619a2\",\"actionType\":\"SEPARATOR\",\"open\":true,\"subItems\":[{\"type\":\"LIST\",\"label\":\"Draft\",\"id\":\"6230a706db1fdb401a3cf9851d96194d\",\"route\":{\"params\":{\"target\":\"u_dealer_pdi_case_list.do?sysparm_userpref_module=6230a706db1fdb401a3cf9851d96194d&sysparm_query=state%3D-10%5Eassignment_groupDYNAMICd6435e965f510100a9ad2572f2b47744%5Eactive%3Dtrue%5EEQ\"},\"route\":\"classic\"},\"open\":true,\"canFavorite\":true},{\"type\":\"LIST\",\"label\":\"Initiated\",\"id\":\"34321c45db575b401a3cf9851d96199c\",\"route\":{\"params\":{\"target\":\"u_dealer_pdi_case_list.do?sysparm_userpref_module=34321c45db575b401a3cf9851d96199c&sysparm_query=state%3D1%5Eassignment_groupDYNAMICd6435e965f510100a9ad2572f2b47744%5Eactive%3Dtrue%5EEQ\"},\"route\":\"classic\"},\"open\":true,\"canFavorite\":true},{\"type\":\"LIST\",\"label\":\"In Progress\",\"id\":\"2cc25c45db575b401a3cf9851d9619a8\",\"route\":{\"params\":{\"target\":\"u_dealer_pdi_case_list.do?sysparm_userpref_module=2cc25c45db575b401a3cf9851d9619a8&sysparm_query=state%3D2%5Eassignment_groupDYNAMICd6435e965f510100a9ad2572f2b47744%5Eactive%3Dtrue%5EEQ\"},\"route\":\"classic\"},\"open\":true,\"canFavorite\":true},{\"type\":\"LIST\",\"label\":\"Action Required\",\"id\":\"c6d21c45db575b401a3cf9851d96192d\",\"route\":{\"params\":{\"target\":\"u_dealer_pdi_case_list.do?sysparm_userpref_module=c6d21c45db575b401a3cf9851d96192d&sysparm_query=state%3D-50%5Eassignment_groupDYNAMICd6435e965f510100a9ad2572f2b47744%5Eactive%3Dtrue%5EEQ\"},\"route\":\"classic\"},\"open\":true,\"canFavorite\":true},{\"type\":\"LIST\",\"label\":\"Closed\",\"id\":\"18f2d085db575b401a3cf9851d96190b\",\"route\":{\"params\":{\"target\":\"u_dealer_pdi_case_list.do?sysparm_userpref_module=18f2d085db575b401a3cf9851d96190b&sysparm_query=state%3D3%5Eassignment_groupDYNAMICd6435e965f510100a9ad2572f2b47744%5Eactive%3Dfalse%5EEQ\"},\"route\":\"classic\"},\"open\":true,\"canFavorite\":true}]}]},{\"color\":\"transparent\",\"label\":\"Product Maintenance\",\"id\":\"56b988b9378b76007cd6ab2943990e6d\",\"canFavorite\":true,\"subItems\":[{\"type\":\"DIRECT\",\"label\":\"Dashboard\",\"id\":\"e957a7ccdbe94740e4c6fd651d961960\",\"route\":{\"params\":{\"target\":\"$pa_dashboard.do?sysparm_dashboard=72aec304db2d4f004dd1f3361d9619e2&sysparm_cancelable=true&sysparm_editable=false&sysparm_active_panel=false&sysparm_ignore_default_filter=false\"},\"route\":\"classic\"},\"open\":true,\"canFavorite\":true},{\"type\":\"NEW\",\"label\":\"Create Quality Case\",\"id\":\"a4de3f14dba58f004dd1f3361d9619af\",\"route\":{\"params\":{\"target\":\"u_pm_case.do?sys_id=-1&sysparm_stack=u_pm_case_list.do&sysparm_query=u_phase%3D20%5Eu_initiate%3Dtrue%5EEQ\"},\"route\":\"classic\"},\"open\":true,\"canFavorite\":true},{\"type\":\"LIST\",\"label\":\"All QC Initiate Phase Cases\",\"id\":\"b6f2e8ffdb64d7407960384c7c961987\",\"route\":{\"params\":{\"target\":\"u_pm_initiate_phase_list.do?sysparm_userpref_module=b6f2e8ffdb64d7407960384c7c961987\"},\"route\":\"classic\"},\"open\":true,\"canFavorite\":true},{\"type\":\"LIST\",\"label\":\"My Approvals\",\"hint\":\"My pending approvals\",\"id\":\"674edd44db9d47004dd1f3361d961913\",\"route\":{\"params\":{\"target\":\"sysapproval_approver_list.do?sysparm_userpref_module=674edd44db9d47004dd1f3361d961913&sysparm_query=approver%3Djavascript%3AgetMyApprovals%28%29%5Estate%3Drequested%5EEQ\"},\"route\":\"classic\"},\"open\":true,\"canFavorite\":true},{\"type\":\"SEPARATOR\",\"label\":\"Quality Cases\",\"id\":\"59d29737dbd14740e4c6fd651d961943\",\"actionType\":\"SEPARATOR\",\"open\":true,\"subItems\":[{\"type\":\"LIST\",\"label\":\"Assigned to My Groups\",\"hint\":\"Active PM Cases assigned to my group\",\"id\":\"f0d1afc8dbe94740e4c6fd651d96196b\",\"route\":{\"params\":{\"target\":\"u_pm_case_list.do?sysparm_userpref_module=f0d1afc8dbe94740e4c6fd651d96196b&sysparm_query=assignment_groupDYNAMICd6435e965f510100a9ad2572f2b47744%5Eactive%3Dtrue%5Estate%21%3D-10%5EEQ\"},\"route\":\"classic\"},\"open\":true,\"canFavorite\":true},{\"type\":\"LIST\",\"label\":\"Assigned to Me\",\"hint\":\"Active PM cases assigned to me\",\"id\":\"93c0afc8dbe94740e4c6fd651d961965\",\"route\":{\"params\":{\"target\":\"u_pm_case_list.do?sysparm_userpref_module=93c0afc8dbe94740e4c6fd651d961965&sysparm_query=assigned_toDYNAMIC90d1921e5f510100a9ad2572f2b477fe%5Eactive%3Dtrue%5Estate%21%3D-10%5EEQ\"},\"route\":\"classic\"},\"open\":true,\"canFavorite\":true},{\"type\":\"LIST\",\"label\":\"All Open\",\"hint\":\"All open PM cases\",\"id\":\"a0beefc0db2d4740e4c6fd651d9619f5\",\"route\":{\"params\":{\"target\":\"u_pm_case_list.do?sysparm_userpref_module=a0beefc0db2d4740e4c6fd651d9619f5&sysparm_query=active%3Dtrue%5EEQ\"},\"route\":\"classic\"},\"open\":true,\"canFavorite\":true},{\"type\":\"DIRECT\",\"label\":\"By machine size\",\"hint\":\"By machine size\",\"id\":\"656cabb41bf7289062608442604bcbe7\",\"route\":{\"params\":{\"target\":\"u_pm_affected_machine_list.do?sysparm_query=pm_state!%3D3%5Epm_state!%3D4%5EGROUPBYci_ci_item.u_machine_size_group_description&sysparm_first_row=1&sysparm_view=\"},\"route\":\"classic\"},\"open\":true,\"canFavorite\":true},{\"type\":\"LIST\",\"label\":\"Closed (Archive)\",\"id\":\"097def80db2d4740e4c6fd651d9619b6\",\"route\":{\"params\":{\"target\":\"u_pm_case_list.do?sysparm_userpref_module=097def80db2d4740e4c6fd651d9619b6&sysparm_query=active%3Dfalse%5EEQ\"},\"route\":\"classic\"},\"open\":true,\"canFavorite\":true}]},{\"type\":\"SEPARATOR\",\"label\":\"QC Phases\",\"id\":\"80be7da8db2d8f004dd1f3361d961943\",\"actionType\":\"SEPARATOR\",\"open\":true,\"subItems\":[{\"type\":\"LIST\",\"label\":\"Assigned to My Groups\",\"hint\":\"Active PM Phases assigned to my group\",\"id\":\"877ff12cdb2d8f004dd1f3361d961902\",\"route\":{\"params\":{\"target\":\"u_case_list.do?sysparm_userpref_module=877ff12cdb2d8f004dd1f3361d961902&sysparm_view=qc_cases&sysparm_query=assignment_groupDYNAMICd6435e965f510100a9ad2572f2b47744%5Eactive%3Dtrue%5Esys_class_name%3Du_pm_define_1_phase%5EORsys_class_name%3Du_pm_define_2_phase%5EORsys_class_name%3Du_pm_analyze_phase%5EORsys_class_name%3Du_pm_measure_phase%5EORsys_class_name%3Du_pm_improve_development_phase%5EORsys_class_name%3Du_pm_improve_industrialization%5EORsys_class_name%3Du_pm_control_phase%5EstateIN2%2C-5%2C-120%5EEQ\"},\"route\":\"classic\"},\"open\":true,\"canFavorite\":true},{\"type\":\"LIST\",\"label\":\"Assigned to Me\",\"hint\":\"Active PM Phases assigned to my group\",\"id\":\"2443002edbe1c3404dd1f3361d96197a\",\"route\":{\"params\":{\"target\":\"u_case_list.do?sysparm_userpref_module=2443002edbe1c3404dd1f3361d96197a&sysparm_view=qc_cases&sysparm_query=assigned_toDYNAMIC90d1921e5f510100a9ad2572f2b477fe%5Eactive%3Dtrue%5Esys_class_name%3Du_pm_define_1_phase%5EORsys_class_name%3Du_pm_define_2_phase%5EORsys_class_name%3Du_pm_analyze_phase%5EORsys_class_name%3Du_pm_measure_phase%5EORsys_class_name%3Du_pm_improve_development_phase%5EORsys_class_name%3Du_pm_improve_industrialization%5EORsys_class_name%3Du_pm_control_phase%5EstateIN2%2C-5%2C-120%5EEQ\"},\"route\":\"classic\"},\"open\":true,\"canFavorite\":true}]},{\"type\":\"SEPARATOR\",\"label\":\"QC Actions\",\"id\":\"4441ce2cdb2d8f004dd1f3361d96196a\",\"actionType\":\"SEPARATOR\",\"open\":true,\"subItems\":[{\"type\":\"LIST\",\"label\":\"Assigned to Me\",\"hint\":\"Active PM Actions assigned to me\",\"id\":\"25610e6cdb2d8f004dd1f3361d96191e\",\"route\":{\"params\":{\"target\":\"u_pm_action_list.do?sysparm_userpref_module=25610e6cdb2d8f004dd1f3361d96191e&sysparm_query=assigned_toDYNAMIC90d1921e5f510100a9ad2572f2b477fe%5Eactive%3Dtrue%5EEQ\"},\"route\":\"classic\"},\"open\":true,\"canFavorite\":true}]},{\"type\":\"SEPARATOR\",\"label\":\"Report\",\"id\":\"06534e80db9d2f407960384c7c961966\",\"actionType\":\"SEPARATOR\",\"open\":true,\"subItems\":[{\"type\":\"LIST\",\"label\":\"Export view\",\"id\":\"2d63ce80db9d2f407960384c7c9619f0\",\"route\":{\"params\":{\"target\":\"u_pm_case_phases_list.do?sysparm_userpref_module=2d63ce80db9d2f407960384c7c9619f0&sysparm_view=report&sysparm_query=qc_assignment_groupDYNAMICd6435e965f510100a9ad2572f2b47744%5EEQ\"},\"route\":\"classic\"},\"open\":true,\"canFavorite\":true}]}]},{\"color\":\"transparent\",\"label\":\"ActiveCare \",\"id\":\"5272923cdb953b0467fc115e689619e8\",\"open\":true,\"canFavorite\":true,\"subItems\":[{\"type\":\"DIRECT\",\"label\":\"Dashboard\",\"hint\":\"Uptime Dashboard\",\"id\":\"1e0432641b92fb80f854a64c2e4bcb8b\",\"route\":{\"params\":{\"target\":\"$pa_dashboard.do?sysparm_dashboard=ac19c72c1bd2fb80f854a64c2e4bcb1f&sysparm_tab=e2290b2c1bd2fb80f854a64c2e4bcbe0&sysparm_cancelable=true&sysparm_editable=false&sysparm_active_panel=false\"},\"route\":\"classic\"},\"open\":true,\"canFavorite\":true},{\"type\":\"NEW\",\"label\":\"Create AC Case\",\"id\":\"e00a1478db82374067fc115e689619fb\",\"route\":{\"params\":{\"target\":\"u_activecare_case.do?sys_id=-1&sysparm_stack=u_activecare_case_list.do&sysparm_query=contact_type%3Dmanually%5Eu_fault_code%3DN%2FA%5Eactive%3Dtrue%5EEQ\"},\"route\":\"classic\"},\"open\":true,\"canFavorite\":true},{\"type\":\"LIST\",\"label\":\"My Watchlist Cases\",\"id\":\"f555b6a41b92fb80f854a64c2e4bcbb7\",\"route\":{\"params\":{\"target\":\"u_activecare_case_list.do?sysparm_userpref_module=f555b6a41b92fb80f854a64c2e4bcbb7&sysparm_query=watch_listDYNAMIC90d1921e5f510100a9ad2572f2b477fe%5Eactive%3Dtrue%5EEQ\"},\"route\":\"classic\"},\"open\":true,\"canFavorite\":true},{\"type\":\"LIST\",\"label\":\"Cases I am involved in\",\"id\":\"f55636e41b92fb80f854a64c2e4bcbd9\",\"route\":{\"params\":{\"target\":\"u_activecare_case_list.do?sysparm_userpref_module=f55636e41b92fb80f854a64c2e4bcbd9&sysparm_query=assigned_toDYNAMIC90d1921e5f510100a9ad2572f2b477fe%5EORsys_created_by%3Djavascript%3Ags.getUserName%28%29%5EORwatch_listLIKEjavascript%3Ags.getUserID%28%29%5EORu_audit_listLIKEjavascript%3Ags.getUserID%28%29%5EstateNOT+IN-10%2C3%2C4%2C7%5Eactive%3Dtrue%5EEQ\"},\"route\":\"classic\"},\"open\":true,\"canFavorite\":true},{\"type\":\"SEPARATOR\",\"label\":\"My Cases (Volvo)\",\"id\":\"9178fa681b92fb80f854a64c2e4bcb44\",\"actionType\":\"SEPARATOR\",\"subItems\":[{\"type\":\"LIST\",\"label\":\"Open\",\"id\":\"392c726c1b92fb80f854a64c2e4bcb43\",\"route\":{\"params\":{\"target\":\"u_activecare_case_list.do?sysparm_userpref_module=392c726c1b92fb80f854a64c2e4bcb43&sysparm_query=stateNOT+IN-10%2C3%2C4%2C7%5Eassigned_toDYNAMIC90d1921e5f510100a9ad2572f2b477fe%5Eactive%3Dtrue%5EEQ\"},\"route\":\"classic\"},\"open\":true,\"canFavorite\":true},{\"type\":\"LIST\",\"label\":\"In Progress\",\"id\":\"e0f8b2a81b92fb80f854a64c2e4bcbc4\",\"route\":{\"params\":{\"target\":\"u_activecare_case_list.do?sysparm_userpref_module=e0f8b2a81b92fb80f854a64c2e4bcbc4&sysparm_query=state%3D2%5Eassigned_toDYNAMIC90d1921e5f510100a9ad2572f2b477fe%5Eactive%3Dtrue%5EEQ\"},\"route\":\"classic\"},\"open\":true,\"canFavorite\":true},{\"type\":\"LIST\",\"label\":\"Action Required\",\"id\":\"197bf62c1b92fb80f854a64c2e4bcb0b\",\"route\":{\"params\":{\"target\":\"u_activecare_case_list.do?sysparm_userpref_module=197bf62c1b92fb80f854a64c2e4bcb0b&sysparm_query=state%3D-20%5Eassigned_toDYNAMIC90d1921e5f510100a9ad2572f2b477fe%5Eactive%3Dtrue%5EEQ\"},\"route\":\"classic\"},\"open\":true,\"canFavorite\":true},{\"type\":\"LIST\",\"label\":\"Closed case\",\"id\":\"f7937e671b96e09062608442604bcb34\",\"route\":{\"params\":{\"target\":\"u_activecare_case_list.do?sysparm_userpref_module=f7937e671b96e09062608442604bcb34&sysparm_query=stateIN3%2C4%2C7%5EEQ\"},\"route\":\"classic\"},\"open\":true,\"canFavorite\":true},{\"type\":\"LIST\",\"label\":\"Request to Close \",\"id\":\"89abfa2c1b92fb80f854a64c2e4bcb89\",\"route\":{\"params\":{\"target\":\"u_activecare_case_list.do?sysparm_userpref_module=89abfa2c1b92fb80f854a64c2e4bcb89&sysparm_query=state%3D-150%5Eassigned_toDYNAMIC90d1921e5f510100a9ad2572f2b477fe%5EEQ\"},\"route\":\"classic\"},\"open\":true,\"canFavorite\":true},{\"type\":\"LIST\",\"label\":\"Closed\",\"id\":\"806cb66c1b92fb80f854a64c2e4bcb0f\",\"route\":{\"params\":{\"target\":\"u_activecare_case_list.do?sysparm_userpref_module=806cb66c1b92fb80f854a64c2e4bcb0f&sysparm_query=stateIN3%2C4%2C7%5Eclosed_byDYNAMIC90d1921e5f510100a9ad2572f2b477fe%5EEQ\"},\"route\":\"classic\"},\"open\":true,\"canFavorite\":true},{\"type\":\"LIST\",\"label\":\"My Draft Cases (Created by Me)\",\"id\":\"c70b040ddb16fb8067fc115e6896193a\",\"route\":{\"params\":{\"target\":\"u_activecare_case_list.do?sysparm_userpref_module=c70b040ddb16fb8067fc115e6896193a&sysparm_query=state%3D-10%5Eopened_byDYNAMIC90d1921e5f510100a9ad2572f2b477fe%5EEQ\"},\"route\":\"classic\"},\"open\":true,\"canFavorite\":true}]},{\"type\":\"SEPARATOR\",\"label\":\"My Groups Cases (Volvo)\",\"id\":\"7b8c3a6c1b92fb80f854a64c2e4bcb9f\",\"actionType\":\"SEPARATOR\",\"open\":true,\"subItems\":[{\"type\":\"LIST\",\"label\":\"Open\",\"id\":\"825ff2201bd2fb80f854a64c2e4bcbfa\",\"route\":{\"params\":{\"target\":\"u_activecare_case_list.do?sysparm_userpref_module=825ff2201bd2fb80f854a64c2e4bcbfa&sysparm_query=stateNOT+IN-10%2C3%2C4%2C7%5Eassignment_groupDYNAMICd6435e965f510100a9ad2572f2b47744%5Eactive%3Dtrue%5EEQ\"},\"route\":\"classic\"},\"open\":true,\"canFavorite\":true},{\"type\":\"LIST\",\"label\":\"In Progress\",\"id\":\"31bcfa6c1b92fb80f854a64c2e4bcb21\",\"route\":{\"params\":{\"target\":\"u_activecare_case_list.do?sysparm_userpref_module=31bcfa6c1b92fb80f854a64c2e4bcb21&sysparm_query=state%3D2%5Eassignment_groupDYNAMICd6435e965f510100a9ad2572f2b47744%5Eactive%3Dtrue%5EEQ\"},\"route\":\"classic\"},\"open\":true,\"canFavorite\":true},{\"type\":\"LIST\",\"label\":\"Action Required\",\"id\":\"b1befaec1b92fb80f854a64c2e4bcb33\",\"route\":{\"params\":{\"target\":\"u_activecare_case_list.do?sysparm_userpref_module=b1befaec1b92fb80f854a64c2e4bcb33&sysparm_query=state%3D-20%5Eassignment_groupDYNAMICd6435e965f510100a9ad2572f2b47744%5Eactive%3Dtrue%5EEQ\"},\"route\":\"classic\"},\"open\":true,\"canFavorite\":true},{\"type\":\"LIST\",\"label\":\"Request to Close\",\"id\":\"321ffaec1b92fb80f854a64c2e4bcb04\",\"route\":{\"params\":{\"target\":\"u_activecare_case_list.do?sysparm_userpref_module=321ffaec1b92fb80f854a64c2e4bcb04&sysparm_query=state%3D-150%5Eassignment_groupDYNAMICd6435e965f510100a9ad2572f2b47744%5Eactive%3Dtrue%5EEQ\"},\"route\":\"classic\"},\"open\":true,\"canFavorite\":true},{\"type\":\"LIST\",\"label\":\"Closed\",\"id\":\"397fb6201bd2fb80f854a64c2e4bcb09\",\"route\":{\"params\":{\"target\":\"u_activecare_case_list.do?sysparm_userpref_module=397fb6201bd2fb80f854a64c2e4bcb09&sysparm_query=stateIN3%2C4%2C7%5EEQ\"},\"route\":\"classic\"},\"open\":true,\"canFavorite\":true}]},{\"type\":\"SEPARATOR\",\"label\":\"My Regional Cases (Volvo)\",\"id\":\"509521ed1b9ab3c0f854a64c2e4bcbbd\",\"actionType\":\"SEPARATOR\",\"subItems\":[{\"type\":\"LIST\",\"label\":\"Open\",\"id\":\"5fc525ed1b9ab3c0f854a64c2e4bcbe9\",\"route\":{\"params\":{\"target\":\"u_activecare_case_list.do?sysparm_userpref_module=5fc525ed1b9ab3c0f854a64c2e4bcbe9&sysparm_query=u_l1_case_handling_groupDYNAMICd6435e965f510100a9ad2572f2b47744%5EstateNOT+IN-10%2C3%2C4%2C7%5Eactive%3Dtrue%5EEQ\"},\"route\":\"classic\"},\"open\":true,\"canFavorite\":true},{\"type\":\"LIST\",\"label\":\"In Progress\",\"id\":\"eae661211bdab3c0f854a64c2e4bcbae\",\"route\":{\"params\":{\"target\":\"u_activecare_case_list.do?sysparm_userpref_module=eae661211bdab3c0f854a64c2e4bcbae&sysparm_query=u_l1_case_handling_groupDYNAMICd6435e965f510100a9ad2572f2b47744%5EstateIN2%2C-20%2C-50%5Eactive%3Dtrue%5EEQ\"},\"route\":\"classic\"},\"open\":true,\"canFavorite\":true},{\"type\":\"LIST\",\"label\":\"Action Required\",\"id\":\"dd972d211bdab3c0f854a64c2e4bcbc0\",\"route\":{\"params\":{\"target\":\"u_activecare_case_list.do?sysparm_userpref_module=dd972d211bdab3c0f854a64c2e4bcbc0&sysparm_query=u_l1_case_handling_groupDYNAMICd6435e965f510100a9ad2572f2b47744%5Estate%3D-20%5Eactive%3Dtrue%5EEQ\"},\"route\":\"classic\"},\"open\":true,\"canFavorite\":true},{\"type\":\"LIST\",\"label\":\"Dealer Action Required\",\"id\":\"88f7a5211bdab3c0f854a64c2e4bcb47\",\"route\":{\"params\":{\"target\":\"u_activecare_case_list.do?sysparm_userpref_module=88f7a5211bdab3c0f854a64c2e4bcb47&sysparm_query=u_l1_case_handling_groupDYNAMICd6435e965f510100a9ad2572f2b47744%5Estate%3D-50%5Eactive%3Dtrue%5EEQ\"},\"route\":\"classic\"},\"open\":true,\"canFavorite\":true},{\"type\":\"LIST\",\"label\":\"Request to Close\",\"id\":\"0978a5611bdab3c0f854a64c2e4bcb79\",\"route\":{\"params\":{\"target\":\"u_activecare_case_list.do?sysparm_userpref_module=0978a5611bdab3c0f854a64c2e4bcb79&sysparm_query=u_l1_case_handling_groupDYNAMICd6435e965f510100a9ad2572f2b47744%5Estate%3D-150%5Eactive%3Dtrue%5EEQ\"},\"route\":\"classic\"},\"open\":true,\"canFavorite\":true},{\"type\":\"LIST\",\"label\":\"Closed\",\"id\":\"fa28a1211bdab3c0f854a64c2e4bcbf0\",\"route\":{\"params\":{\"target\":\"u_activecare_case_list.do?sysparm_userpref_module=fa28a1211bdab3c0f854a64c2e4bcbf0&sysparm_query=u_l1_case_handling_groupDYNAMICd6435e965f510100a9ad2572f2b47744%5EstateIN-20%2C3%2C4%2C7%5EEQ\"},\"route\":\"classic\"},\"open\":true,\"canFavorite\":true}]}]},{\"color\":\"transparent\",\"label\":\"ActiveCare Administration\",\"id\":\"37963a94db86b34067fc115e689619a2\",\"canFavorite\":true,\"subItems\":[{\"type\":\"LIST\",\"label\":\"Code Blocking Rules\",\"id\":\"13e8489887c41110018d63573cbb355a\",\"route\":{\"params\":{\"target\":\"u_activecare_code_blocking_list.do?sysparm_userpref_module=13e8489887c41110018d63573cbb355a&sysparm_query=u_active%3Dtrue%5EORu_approval%3D1%5EEQ&u_date_from<=javascript:gs.endOfToday()^ORu_date_fromISEMPTY^u_date_to>=javascript:gs.beginningOfToday()^ORu_date_toISEMPTY^u_active=true'\"},\"route\":\"classic\"},\"open\":true,\"canFavorite\":true}]},{\"color\":\"transparent\",\"label\":\"ActiveCare Work Instructions\",\"id\":\"ecb27650dba9b70067fc115e6896195f\",\"canFavorite\":true,\"subItems\":[{\"type\":\"LIST\",\"label\":\"Published\",\"id\":\"0b06b254dba9b70067fc115e68961905\",\"route\":{\"params\":{\"target\":\"u_kb_template_work_instructions_list.do?sysparm_userpref_module=0b06b254dba9b70067fc115e68961905&sysparm_query=workflow_state%3Dpublished%5Elanguage%3Den%5EEQ\"},\"route\":\"classic\"},\"open\":true,\"canFavorite\":true},{\"type\":\"LIST\",\"label\":\"Unpublished\",\"id\":\"5cd87ad4dba9b70067fc115e689619f7\",\"route\":{\"params\":{\"target\":\"u_kb_template_work_instructions_list.do?sysparm_userpref_module=5cd87ad4dba9b70067fc115e689619f7&sysparm_query=workflow_state%21%3Dpublished%5Elanguage%3Den%5EEQ\"},\"route\":\"classic\"},\"open\":true,\"canFavorite\":true},{\"type\":\"LIST\",\"label\":\"Retired\",\"id\":\"ff4ef380db154c504af89ea9db961910\",\"route\":{\"params\":{\"target\":\"u_kb_template_work_instructions_list.do?sysparm_userpref_module=ff4ef380db154c504af89ea9db961910&sysparm_query=workflow_state%3Dretired%5Elanguage%3Den%5EEQ\"},\"route\":\"classic\"},\"open\":true,\"canFavorite\":true},{\"type\":\"LIST\",\"label\":\"All\",\"id\":\"dd297218dba9b70067fc115e68961982\",\"route\":{\"params\":{\"target\":\"u_kb_template_work_instructions_list.do?sysparm_userpref_module=dd297218dba9b70067fc115e68961982\"},\"route\":\"classic\"},\"open\":true,\"canFavorite\":true}]},{\"color\":\"transparent\",\"label\":\"Fluid Analysis\",\"hint\":\"Fluid Analysis\",\"id\":\"213a8990c31f09102c9d93777d013142\",\"canFavorite\":true,\"subItems\":[{\"type\":\"DIRECT\",\"label\":\"Dashboard (Region EU/INT)\",\"hint\":\"Fluid Analysis Dashboard (Region EU/INT)\",\"id\":\"4c38d92c1b5d3910afce0d0ee54bcbae\",\"route\":{\"params\":{\"target\":\"https://volvoce.service-now.com/$pa_dashboard.do?sysparm_dashboard=99a53c588715711013092f0d8bbb3596&sysparm_tab=4fb5bc588715711013092f0d8bbb3516&sysparm_cancelable=true&sysparm_editable=undefined&sysparm_active_panel=false\"},\"route\":\"classic\"},\"open\":true,\"canFavorite\":true},{\"type\":\"DIRECT\",\"label\":\"Fluid Analysis Global Dashboard\",\"id\":\"d24fe6a287182218018d63573cbb356b\",\"route\":{\"params\":{\"target\":\"https://volvoce.service-now.com/x/vne/fluid-analysis-global-dashboard/fluid-analysis-global-dashboard/params/sys-id/aaddd4ba875a2294eb664116cebb357f/edit/false\"},\"route\":\"classic\"},\"open\":true,\"canFavorite\":true},{\"type\":\"NEW\",\"label\":\"Create Fluid analysis case\",\"id\":\"e9193d2087489910eb664116cebb35b9\",\"route\":{\"params\":{\"target\":\"x_vne_fluid_analys_case.do?sys_id=-1&sysparm_stack=x_vne_fluid_analys_case_list.do\"},\"route\":\"classic\"},\"open\":true,\"canFavorite\":true},{\"type\":\"LIST\",\"label\":\"Open Fluid analysis cases\",\"hint\":\"Open Fluid Analysis Cases\",\"id\":\"c75a41d0c31f09102c9d93777d01311e\",\"route\":{\"params\":{\"target\":\"x_vne_fluid_analys_case_list.do?sysparm_userpref_module=c75a41d0c31f09102c9d93777d01311e&sysparm_query=active%3Dtrue%5EEQ\"},\"route\":\"classic\"},\"open\":true,\"canFavorite\":true},{\"type\":\"LIST\",\"label\":\"Closed Fluid analysis cases\",\"id\":\"89b9bd6087489910eb664116cebb3538\",\"route\":{\"params\":{\"target\":\"x_vne_fluid_analys_case_list.do?sysparm_userpref_module=89b9bd6087489910eb664116cebb3538&sysparm_query=stateIN3%2C4%2C13%5EEQ\"},\"route\":\"classic\"},\"open\":true,\"canFavorite\":true},{\"type\":\"LIST\",\"label\":\"All Fluid Analysis cases\",\"id\":\"fdb5c576870fa550eb664116cebb35e0\",\"route\":{\"params\":{\"target\":\"x_vne_fluid_analys_case_list.do?sysparm_userpref_module=fdb5c576870fa550eb664116cebb35e0\"},\"route\":\"classic\"},\"open\":true,\"canFavorite\":true},{\"type\":\"LIST\",\"label\":\"Fluid Machines\",\"id\":\"20b5ad3d8734b150eb664116cebb3560\",\"route\":{\"params\":{\"target\":\"x_vne_fluid_analys_fluid_machine_actors_list.do?sysparm_userpref_module=20b5ad3d8734b150eb664116cebb3560\"},\"route\":\"classic\"},\"open\":true,\"canFavorite\":true}]},{\"color\":\"transparent\",\"label\":\"Machine Support Tool\",\"id\":\"42818ba68716f110eb664116cebb35ec\",\"canFavorite\":true,\"subItems\":[{\"type\":\"NEW\",\"label\":\"Search Machine\",\"id\":\"b2c7347c87d7fdd0eb664116cebb3542\",\"route\":{\"params\":{\"target\":\"x_vne_chain_telema_search_machine.do?sys_id=-1&sysparm_stack=x_vne_chain_telema_search_machine_list.do\"},\"route\":\"classic\"},\"open\":true,\"canFavorite\":true},{\"type\":\"LIST\",\"label\":\"Machine Card List\",\"id\":\"280da4fd87773550eb664116cebb357e\",\"route\":{\"params\":{\"target\":\"u_cmdb_machine_card_list.do?sysparm_userpref_module=280da4fd87773550eb664116cebb357e&sysparm_view=Machine+Card+List&sysparm_query=u_productlineNOT+LIKEATT%5Eu_actioncode%3DAccepted%5EEQ\"},\"route\":\"classic\"},\"open\":true,\"canFavorite\":true}]},{\"color\":\"transparent\",\"label\":\"Reports\",\"id\":\"1018d17ec611227a01593ce6cce95c29\",\"canFavorite\":true,\"subItems\":[{\"type\":\"DOC_LINK\",\"label\":\"Getting Started\",\"hint\":\"Link to Reporting product documentation\",\"id\":\"1c6b5255d7100200b96d45a3ce6103a4\",\"route\":{\"external\":{\"url\":\"http://docs.servicenow.com/?context=CSHelp:RPA_Getting_Started&version=yokohama\",\"target\":\"wiki\"}},\"open\":true,\"canFavorite\":true},{\"type\":\"DIRECT\",\"label\":\"View / Run\",\"hint\":\"Reporting portal\",\"id\":\"1166104fc611227b00bb1bc49f4845f4\",\"route\":{\"params\":{\"target\":\"report_home.do?jvar_selected_tab=myReports\"},\"route\":\"classic\"},\"open\":true,\"canFavorite\":true},{\"type\":\"DIRECT\",\"label\":\"Create New\",\"hint\":\"Create a new report\",\"id\":\"1dd412b1c3121100fda53b251eba8fff\",\"route\":{\"params\":{\"target\":\"sys_report_template.do?sysparm_create=true\"},\"route\":\"classic\"},\"open\":true,\"canFavorite\":true},{\"type\":\"LIST\",\"label\":\"Header Footer Templates\",\"id\":\"ace0608cc3332000078f3b251eba8f17\",\"route\":{\"params\":{\"target\":\"sys_report_page_hdrftr_list.do?sysparm_userpref_module=ace0608cc3332000078f3b251eba8f17\"},\"route\":\"classic\"},\"open\":true,\"canFavorite\":true},{\"type\":\"SEPARATOR\",\"id\":\"246237f70b01010100bac8a18d91fead\",\"actionType\":\"SEPARATOR\"},{\"type\":\"LIST\",\"label\":\"Summary Sets\",\"id\":\"2462a4b50b0101010016dc68b9785439\",\"route\":{\"params\":{\"target\":\"sys_report_summary_list.do?sysparm_userpref_module=2462a4b50b0101010016dc68b9785439\"},\"route\":\"classic\"},\"open\":true,\"canFavorite\":true},{\"type\":\"LIST\",\"label\":\"Custom Charts\",\"id\":\"f44a3dda0a0a0b9e00e8d24cebf8434b\",\"route\":{\"params\":{\"target\":\"sys_report_custom_chart_list.do?sysparm_userpref_module=f44a3dda0a0a0b9e00e8d24cebf8434b\"},\"route\":\"classic\"},\"open\":true,\"canFavorite\":true}]}]},{\"order\":2,\"label\":\"Favorites\",\"id\":\"1b682fe1c3133010cbd77096e940dd18\",\"template\":\"favoriteList\",\"subItems\":[{\"color\":\"green\",\"label\":\"Home\",\"id\":\"d2ce35c1fb7d6a505ff1f848aeefdc9a\",\"icon\":\"home\",\"route\":{\"params\":{\"target\":\"home.do\"},\"route\":\"classic\"},\"open\":true},{\"color\":\"white\",\"label\":\"ActiveCare Cases\",\"id\":\"1e8fb945fb7d6a505ff1f848aeefdc0f\",\"icon\":\"drawer\",\"route\":{\"params\":{\"target\":\"u_activecare_case_list.do?sysparm_clear_stack=true&sysparm_query=stateNOT%20IN-10%2C3%2C4%2C7%5Eassignment_groupDYNAMICd6435e965f510100a9ad2572f2b47744%5Eu_machine_line_string%3DArticulated%20Haulers&sysparm_first_row=1&sysparm_view=\"},\"route\":\"classic\"},\"open\":true},{\"color\":\"green\",\"label\":\"cases\",\"id\":\"b0812d8c2be2ead4be72f7634391bf3c\",\"icon\":\"check-circle\",\"route\":{\"params\":{\"target\":\"u_activecare_case_list.do?sysparm_query=GOTO123TEXTQUERY321=olle%20ekbring&sysparm_first_row=1&sysparm_view=\"},\"route\":\"classic\"},\"open\":true}]},{\"order\":3,\"label\":\"History\",\"id\":\"c51543a5c3133010cbd77096e940dd43\",\"template\":\"historyList\",\"subItems\":[{\"description\":\"Active = true .and. Status not in (Draft, Closed, Closed Incomplete, Closed Skipped) .and. Assignment group is (L1 - Region International, Support Tools Requestors, L1 - Region Europe, Machine Support Tool Internal, Internal Red, Fluid analysis requestor, Parts Support Requestor, Tech Support Requestors, Support for Services Requestors, L1 - Region Europe - AC, PDI Requestors, Internal SpC, Volvo L1 Fulfillers, L1 - Region International - AC) .and. Assigned to is empty .and. Assignment group != AC L1 Europe/International preparation Support .and. Machine card/Sales Model Model Version Machine range = Hauler Range\",\"label\":\"ActiveCare Cases\",\"id\":\"d011d1b697d32e500efcffa3f153afdb\",\"route\":{\"params\":{\"target\":\"u_activecare_case_list.do?sysparm_query=active%3Dtrue%5EstateNOT+IN-10%2C3%2C4%2C7%5Eassignment_groupDYNAMICd6435e965f510100a9ad2572f2b47744%5Eassigned_toISEMPTY%5Eassignment_group%21%3De5ad5043db482450245e6def4b96192a%5Eu_machine.u_model_version.u_machine_range%3D0bcaae6437affe00f59242f643990e37&sysparm_view&sysparm_clear_stack=true\"},\"route\":\"classic\"},\"createdTimestamp\":1755234691000,\"createdTimestampOffset\":1755233791000},{\"description\":\"Active = true .and. Status not in (Draft, Closed, Closed Incomplete, Closed Skipped) .and. Assignment group is (L1 - Region International, Support Tools Requestors, L1 - Region Europe, Machine Support Tool Internal, Internal Red, Fluid analysis requestor, Parts Support Requestor, Tech Support Requestors, Support for Services Requestors, L1 - Region Europe - AC, PDI Requestors, Internal SpC, Volvo L1 Fulfillers, L1 - Region International - AC) .and. Assigned to is empty .and. Assignment group != AC L1 Europe/International preparation Support .and. Machine card/Sales Model Model Version Machine range = Loader Range\",\"label\":\"ActiveCare Cases\",\"id\":\"eb04ed6a979f629089edf3c3f153af65\",\"route\":{\"params\":{\"target\":\"u_activecare_case_list.do?sysparm_query=active%3Dtrue%5EstateNOT+IN-10%2C3%2C4%2C7%5Eassignment_groupDYNAMICd6435e965f510100a9ad2572f2b47744%5Eassigned_toISEMPTY%5Eassignment_group%21%3De5ad5043db482450245e6def4b96192a%5Eu_machine.u_model_version.u_machine_range%3Dcfcaae6437affe00f59242f643990e35&sysparm_clear_stack=true\"},\"route\":\"classic\"},\"createdTimestamp\":1755172707000,\"createdTimestampOffset\":1755171807000},{\"description\":\"Active = true .and. Status not in (Draft, Closed, Closed Incomplete, Closed Skipped) .and. Assignment group is (L1 - Region International, Support Tools Requestors, L1 - Region Europe, Machine Support Tool Internal, Internal Red, Fluid analysis requestor, Parts Support Requestor, Tech Support Requestors, Support for Services Requestors, L1 - Region Europe - AC, PDI Requestors, Internal SpC, Volvo L1 Fulfillers, L1 - Region International - AC) .and. Assigned to is empty .and. Assignment group != AC L1 Europe/International preparation Support .and. Machine card/Sales Model Model Version Machine range = Hauler Range\",\"label\":\"ActiveCare Cases\",\"id\":\"7a046d6a979f629089edf3c3f153af3b\",\"route\":{\"params\":{\"target\":\"u_activecare_case_list.do?sysparm_query=active%3Dtrue%5EstateNOT+IN-10%2C3%2C4%2C7%5Eassignment_groupDYNAMICd6435e965f510100a9ad2572f2b47744%5Eassigned_toISEMPTY%5Eassignment_group%21%3De5ad5043db482450245e6def4b96192a%5Eu_machine.u_model_version.u_machine_range%3D0bcaae6437affe00f59242f643990e37&sysparm_view&sysparm_clear_stack=true\"},\"route\":\"classic\"},\"createdTimestamp\":1755172706000,\"createdTimestampOffset\":1755171806000},{\"description\":\"Active = true .and. Status not in (Draft, Closed, Closed Incomplete, Closed Skipped) .and. Assignment group is (L1 - Region International, Support Tools Requestors, L1 - Region Europe, Machine Support Tool Internal, Internal Red, Fluid analysis requestor, Parts Support Requestor, Tech Support Requestors, Support for Services Requestors, L1 - Region Europe - AC, PDI Requestors, Internal SpC, Volvo L1 Fulfillers, L1 - Region International - AC) .and. Assigned to is empty .and. Assignment group != AC L1 Europe/International preparation Support .and. Machine card/Sales Model Model Version Machine range = Loader Range\",\"label\":\"ActiveCare Cases\",\"id\":\"0b9654aa9753629089edf3c3f153af25\",\"route\":{\"params\":{\"target\":\"u_activecare_case_list.do?sysparm_query=active%3Dtrue%5EstateNOT+IN-10%2C3%2C4%2C7%5Eassignment_groupDYNAMICd6435e965f510100a9ad2572f2b47744%5Eassigned_toISEMPTY%5Eassignment_group%21%3De5ad5043db482450245e6def4b96192a%5Eu_machine.u_model_version.u_machine_range%3Dcfcaae6437affe00f59242f643990e35&sysparm_clear_stack=true\"},\"route\":\"classic\"},\"createdTimestamp\":1755169399000,\"createdTimestampOffset\":1755168499000},{\"description\":\"Active = true .and. Status not in (Draft, Closed, Closed Incomplete, Closed Skipped) .and. Assignment group is (L1 - Region International, Support Tools Requestors, L1 - Region Europe, Machine Support Tool Internal, Internal Red, Fluid analysis requestor, Parts Support Requestor, Tech Support Requestors, Support for Services Requestors, L1 - Region Europe - AC, PDI Requestors, Internal SpC, Volvo L1 Fulfillers, L1 - Region International - AC) .and. Assigned to is empty .and. Assignment group != AC L1 Europe/International preparation Support .and. Machine card/Sales Model Model Version Machine range = Hauler Range\",\"label\":\"ActiveCare Cases\",\"id\":\"306650aa9753629089edf3c3f153afb6\",\"route\":{\"params\":{\"target\":\"u_activecare_case_list.do?sysparm_query=active%3Dtrue%5EstateNOT+IN-10%2C3%2C4%2C7%5Eassignment_groupDYNAMICd6435e965f510100a9ad2572f2b47744%5Eassigned_toISEMPTY%5Eassignment_group%21%3De5ad5043db482450245e6def4b96192a%5Eu_machine.u_model_version.u_machine_range%3D0bcaae6437affe00f59242f643990e37&sysparm_view&sysparm_clear_stack=true\"},\"route\":\"classic\"},\"createdTimestamp\":1755169398000,\"createdTimestampOffset\":1755168498000},{\"description\":\"Active = true .and. Status not in (Draft, Closed, Closed Incomplete, Closed Skipped) .and. Assigned to is Olle Ekbring .and. Assignment group != AC L1 EMEA preparation Support .and. Machine card/Sales Model Model Version Machine range = Loader Range .or. Machine card/Sales Model Model Version Machine range = Hauler Range\",\"label\":\"ActiveCare Cases\",\"id\":\"ed055d2a97db629089edf3c3f153af4d\",\"route\":{\"params\":{\"target\":\"u_activecare_case_list.do?sysparm_query=active%3Dtrue%5EstateNOT+IN-10%2C3%2C4%2C7%5Eassigned_toDYNAMIC90d1921e5f510100a9ad2572f2b477fe%5Eassignment_group%21%3Df7032b361b32c410e1c9740e1d4bcb7c%5Eu_machine.u_model_version.u_machine_range%3Dcfcaae6437affe00f59242f643990e35%5EORu_machine.u_model_version.u_machine_range%3D0bcaae6437affe00f59242f643990e37&sysparm_view&sysparm_clear_stack=true\"},\"route\":\"classic\"},\"createdTimestamp\":1755169393000,\"createdTimestampOffset\":1755168493000},{\"description\":\"Active = true .and. Status not in (Draft, Closed, Closed Incomplete, Closed Skipped) .and. Assignment group is (L1 - Region International, Support Tools Requestors, L1 - Region Europe, Machine Support Tool Internal, Internal Red, Fluid analysis requestor, Parts Support Requestor, Tech Support Requestors, Support for Services Requestors, L1 - Region Europe - AC, PDI Requestors, Internal SpC, Volvo L1 Fulfillers, L1 - Region International - AC) .and. Assigned to is empty .and. Assignment group != AC L1 Europe/International preparation Support .and. Machine card/Sales Model Model Version Machine range = Loader Range\",\"label\":\"ActiveCare Cases\",\"id\":\"e2d3156697db629089edf3c3f153afc2\",\"route\":{\"params\":{\"target\":\"u_activecare_case_list.do?sysparm_query=active%3Dtrue%5EstateNOT+IN-10%2C3%2C4%2C7%5Eassignment_groupDYNAMICd6435e965f510100a9ad2572f2b47744%5Eassigned_toISEMPTY%5Eassignment_group%21%3De5ad5043db482450245e6def4b96192a%5Eu_machine.u_model_version.u_machine_range%3Dcfcaae6437affe00f59242f643990e35&sysparm_view&sysparm_clear_stack=true\"},\"route\":\"classic\"},\"createdTimestamp\":1755169392000,\"createdTimestampOffset\":1755168492000},{\"description\":\"AC1324268 Engine ECU - Engine coolant temperature: Data valid but above normal operational range\",\"label\":\"ActiveCare Case\",\"id\":\"3b46d162971f629089edf3c3f153af50\",\"route\":{\"params\":{\"target\":\"u_activecare_case.do?sys_id=30c159261b1b2e906a4285d2604bcb02&sysparm_view&sysparm_domain=null&sysparm_domain_scope=null\"},\"route\":\"classic\"},\"createdTimestamp\":1755169388000,\"createdTimestampOffset\":1755168488000},{\"description\":\"New Record\",\"label\":\"Active Care case information\",\"id\":\"38c7d1a6971f629089edf3c3f153afef\",\"route\":{\"params\":{\"target\":\"u_active_care_case_information.do?sysparm_tiny=wlQJeFHZTM4j5Uagg9KIlXPRey7OeVrX\"},\"route\":\"classic\"},\"createdTimestamp\":1755169339000,\"createdTimestampOffset\":1755168439000},{\"description\":\"AC1324268 Engine ECU - Engine coolant temperature: Data valid but above normal operational range\",\"label\":\"ActiveCare Case\",\"id\":\"5b469162971f629089edf3c3f153afc8\",\"route\":{\"params\":{\"target\":\"u_activecare_case.do?sys_id=30c159261b1b2e906a4285d2604bcb02&sysparm_record_target=u_activecare_case\"},\"route\":\"classic\"},\"createdTimestamp\":1755168955000,\"createdTimestampOffset\":1755168055000},{\"description\":\"AC1324247 Engine ECU - Engine Coolant Temperature Moderately High\",\"label\":\"ActiveCare Case\",\"id\":\"94e3556697db629089edf3c3f153af63\",\"route\":{\"params\":{\"target\":\"u_activecare_case.do?sys_id=a1bec56e9753aa500efcffa3f153afae&sysparm_view&sysparm_domain=null&sysparm_domain_scope=null\"},\"route\":\"classic\"},\"createdTimestamp\":1755168548000,\"createdTimestampOffset\":1755167648000},{\"description\":\"New Record\",\"label\":\"Active Care case information\",\"id\":\"47f3dd6697db629089edf3c3f153af27\",\"route\":{\"params\":{\"target\":\"u_active_care_case_information.do?sysparm_tiny=cbID6DqzuDGsbbQGxeQc8ZQzn9mo9gJ6\"},\"route\":\"classic\"},\"createdTimestamp\":1755168348000,\"createdTimestampOffset\":1755167448000},{\"description\":\"AC1324247 Engine ECU - Engine Coolant Temperature Moderately High\",\"label\":\"ActiveCare Case\",\"id\":\"e3d3556697db629089edf3c3f153af15\",\"route\":{\"params\":{\"target\":\"u_activecare_case.do?sys_id=a1bec56e9753aa500efcffa3f153afae&sysparm_record_target=u_activecare_case\"},\"route\":\"classic\"},\"createdTimestamp\":1755168318000,\"createdTimestampOffset\":1755167418000},{\"description\":\"AC1324166 Engine ECU - Particulate trap differential pressure: Data erratic, intermittent, or incorrect\",\"label\":\"ActiveCare Case\",\"id\":\"fc9019ae979b629089edf3c3f153af5a\",\"route\":{\"params\":{\"target\":\"u_activecare_case.do?sys_id=23450d62871fea50e53feced8bbb351e&sysparm_view&sysparm_domain=null&sysparm_domain_scope=null\"},\"route\":\"classic\"},\"createdTimestamp\":1755167544000,\"createdTimestampOffset\":1755166644000},{\"description\":\"New Record\",\"label\":\"Active Care case information\",\"id\":\"6eb091ee979b629089edf3c3f153af0e\",\"route\":{\"params\":{\"target\":\"u_active_care_case_information.do?sysparm_tiny=3N5bPwbnP2p4RPnmNcZfxuQLLStgvnKx\"},\"route\":\"classic\"},\"createdTimestamp\":1755167494000,\"createdTimestampOffset\":1755166594000},{\"description\":\"AC1324166 Engine ECU - Particulate trap differential pressure: Data erratic, intermittent, or incorrect\",\"label\":\"ActiveCare Case\",\"id\":\"8c90d5ae979b629089edf3c3f153afd1\",\"route\":{\"params\":{\"target\":\"u_activecare_case.do?sys_id=23450d62871fea50e53feced8bbb351e&sysparm_record_target=u_activecare_case\"},\"route\":\"classic\"},\"createdTimestamp\":1755167451000,\"createdTimestampOffset\":1755166551000},{\"description\":\"Active = true .and. Status not in (Draft, Closed, Closed Incomplete, Closed Skipped) .and. Assigned to is Olle Ekbring .and. Assignment group != AC L1 EMEA preparation Support .and. Machine card/Sales Model Model Version Machine range = Loader Range .or. Machine card/Sales Model Model Version Machine range = Hauler Range\",\"label\":\"ActiveCare Cases\",\"id\":\"0e5089ae971b629089edf3c3f153afa1\",\"route\":{\"params\":{\"target\":\"u_activecare_case_list.do?sysparm_query=active%3Dtrue%5EstateNOT+IN-10%2C3%2C4%2C7%5Eassigned_toDYNAMIC90d1921e5f510100a9ad2572f2b477fe%5Eassignment_group%21%3Df7032b361b32c410e1c9740e1d4bcb7c%5Eu_machine.u_model_version.u_machine_range%3Dcfcaae6437affe00f59242f643990e35%5EORu_machine.u_model_version.u_machine_range%3D0bcaae6437affe00f59242f643990e37&sysparm_view&sysparm_clear_stack=true\"},\"route\":\"classic\"},\"createdTimestamp\":1755163919000,\"createdTimestampOffset\":1755163019000},{\"description\":\"AC1324023 Engine ECU - Engine coolant temperature: Data valid but above normal operational range\",\"label\":\"ActiveCare Case\",\"id\":\"55c185a2975b629089edf3c3f153afb0\",\"route\":{\"params\":{\"target\":\"u_activecare_case.do?sys_id=b0973c66879bea50e53feced8bbb359b&sysparm_view&sysparm_domain=null&sysparm_domain_scope=null\"},\"route\":\"classic\"},\"createdTimestamp\":1755163573000,\"createdTimestampOffset\":1755162673000},{\"description\":\"AC1324023 Engine ECU - Engine coolant temperature: Data valid but above normal operational range\",\"label\":\"ActiveCare Case\",\"id\":\"5d014922975b629089edf3c3f153af1d\",\"route\":{\"params\":{\"target\":\"u_activecare_case.do?sys_id=b0973c66879bea50e53feced8bbb359b&sysparm_record_target=u_activecare_case\"},\"route\":\"classic\"},\"createdTimestamp\":1755163568000,\"createdTimestampOffset\":1755162668000},{\"description\":\"New Record\",\"label\":\"Active Care case information\",\"id\":\"61414d22975b629089edf3c3f153af5d\",\"route\":{\"params\":{\"target\":\"u_active_care_case_information.do?sysparm_tiny=UGWqQQu0V78v7Agw81kegMYP0rJgftJL\"},\"route\":\"classic\"},\"createdTimestamp\":1755163443000,\"createdTimestampOffset\":1755162543000},{\"description\":\"AC1324096 Engine ECU - Engine oil level: Data valid but below operational range\",\"label\":\"ActiveCare Case\",\"id\":\"dff00922975b629089edf3c3f153af21\",\"route\":{\"params\":{\"target\":\"u_activecare_case.do?sys_id=73aef4621b5f6290ecf51062b24bcbaf&sysparm_view&sysparm_domain=null&sysparm_domain_scope=null\"},\"route\":\"classic\"},\"createdTimestamp\":1755163368000,\"createdTimestampOffset\":1755162468000},{\"description\":\"AC1324096 Engine ECU - Engine oil level: Data valid but below operational range\",\"label\":\"ActiveCare Case\",\"id\":\"3e7041ee971b629089edf3c3f153af29\",\"route\":{\"params\":{\"target\":\"u_activecare_case.do?sys_id=73aef4621b5f6290ecf51062b24bcbaf&sysparm_record_target=u_activecare_case\"},\"route\":\"classic\"},\"createdTimestamp\":1755163360000,\"createdTimestampOffset\":1755162460000},{\"description\":\"AC1312978 Engine ECU - Fuel Delivery Pressure: Mechanical system not responding properly\",\"label\":\"ActiveCare Case\",\"id\":\"9c8081ee971b629089edf3c3f153af23\",\"route\":{\"params\":{\"target\":\"u_activecare_case.do?sys_id=7a2836641b57ae506a4285d2604bcb5b&sysparm_record_target=u_activecare_case\"},\"route\":\"classic\"},\"createdTimestamp\":1755163242000,\"createdTimestampOffset\":1755162342000},{\"description\":\"Active = true .and. Status not in (Draft, Closed, Closed Incomplete, Closed Skipped) .and. Assignment group is (L1 - Region International, Support Tools Requestors, L1 - Region Europe, Machine Support Tool Internal, Internal Red, Fluid analysis requestor, Parts Support Requestor, Tech Support Requestors, Support for Services Requestors, L1 - Region Europe - AC, PDI Requestors, Internal SpC, Volvo L1 Fulfillers, L1 - Region International - AC) .and. Assigned to is empty .and. Assignment group != AC L1 Europe/International preparation Support .and. Machine card/Sales Model Model Version Machine range = Loader Range\",\"label\":\"ActiveCare Cases\",\"id\":\"62504dae971b629089edf3c3f153af7c\",\"route\":{\"params\":{\"target\":\"u_activecare_case_list.do?sysparm_query=active%3Dtrue%5EstateNOT+IN-10%2C3%2C4%2C7%5Eassignment_groupDYNAMICd6435e965f510100a9ad2572f2b47744%5Eassigned_toISEMPTY%5Eassignment_group%21%3De5ad5043db482450245e6def4b96192a%5Eu_machine.u_model_version.u_machine_range%3Dcfcaae6437affe00f59242f643990e35&sysparm_view&sysparm_clear_stack=true\"},\"route\":\"classic\"},\"createdTimestamp\":1755163202000,\"createdTimestampOffset\":1755162302000},{\"description\":\"AC1324047 General Purpose Machine Electronic Control Unit 3 - Transmission Oil Pressure Low\",\"label\":\"ActiveCare Case\",\"id\":\"daef30ae971b629089edf3c3f153af5c\",\"route\":{\"params\":{\"target\":\"u_activecare_case.do?sys_id=6e3a7cae1bdb6290ecf51062b24bcb40&sysparm_view&sysparm_domain=null&sysparm_domain_scope=null\"},\"route\":\"classic\"},\"createdTimestamp\":1755163133000,\"createdTimestampOffset\":1755162233000},{\"description\":\"New Record\",\"label\":\"Active Care case information\",\"id\":\"83ef7c6e971b629089edf3c3f153af9d\",\"route\":{\"params\":{\"target\":\"u_active_care_case_information.do?sysparm_tiny=SfYkdNwM1HP2SCJJ2Q6XhLI5tzYWSFln\"},\"route\":\"classic\"},\"createdTimestamp\":1755163088000,\"createdTimestampOffset\":1755162188000},{\"description\":\"AC1324047 General Purpose Machine Electronic Control Unit 3 - Transmission Oil Pressure Low\",\"label\":\"ActiveCare Case\",\"id\":\"31ecf066971b629089edf3c3f153afef\",\"route\":{\"params\":{\"target\":\"u_activecare_case.do?sys_id=6e3a7cae1bdb6290ecf51062b24bcb40&sysparm_record_target=u_activecare_case\"},\"route\":\"classic\"},\"createdTimestamp\":1755163081000,\"createdTimestampOffset\":1755162181000},{\"description\":\"New Record\",\"label\":\"Active Care case information\",\"id\":\"b7df786e971b629089edf3c3f153afe3\",\"route\":{\"params\":{\"target\":\"u_active_care_case_information.do?sysparm_tiny=E1zvgLreypvw7uA0Qf2wxJ8KUAfqxBXV\"},\"route\":\"classic\"},\"createdTimestamp\":1755163080000,\"createdTimestampOffset\":1755162180000},{\"description\":\"CHAIN \u2013 Volvo CE Case Handling- L70H 12924\",\"label\":\"CHAIN Telematics\",\"id\":\"aaafb86e971b629089edf3c3f153af3b\",\"route\":{\"params\":{},\"url\":\"/x/vne/chain-telematics/machine-overview/x_vne_chain_telema_telematics/bdaf386e971b629089edf3c3f153afb0\",\"route\":\"machine-overview\",\"fields\":{\"sysId\":\"bdaf386e971b629089edf3c3f153afb0\",\"table\":\"x_vne_chain_telema_telematics\"},\"context\":{\"path\":\"x/vne/chain-telematics\",\"experienceName\":\"CHAIN Telematics\"}},\"createdTimestamp\":1755163079000,\"createdTimestampOffset\":1755162179000},{\"description\":\"Olle Ekbring\",\"label\":\"Dashboard\",\"id\":\"4d0d34a6971b629089edf3c3f153af14\",\"route\":{\"params\":{\"target\":\"$pa_dashboard.do?sysparm_dashboard=568f8c443b46e214ee38b41864e45ae3&sysparm_tab=6b1c82f01b7eaa500c8421b2b24bcb62&sysparm_cancelable=true&sysparm_editable=true&sysparm_active_panel=allPermissionsList\"},\"route\":\"classic\"},\"createdTimestamp\":1755162327000,\"createdTimestampOffset\":1755161427000}]},{\"isOverflow\":true,\"id\":\"nav-overflow\",\"order\":9007199254740991,\"canFavorite\":false,\"template\":\"overflow\",\"subItems\":[],\"favorited\":false}],\"ttl\":86400000,\"ts\":1755234696008}"}, {"name": "now-icon-cache", "value": "{\"star-outline_md\":\"{\\\"data\\\":\\\"M7.049 2.359c.3-.921 1.603-.921 1.902 0l1.183 3.64h3.827c.969 0 1.372 1.24.588 1.81l-3.096 2.249 1.182 3.64c.3.921-.755 1.687-1.539 1.118L8 12.566l-3.096 2.25c-.784.57-1.839-.197-1.54-1.118l1.183-3.64-3.096-2.25C.667 7.238 1.071 6 2.039 6h3.827L7.05 2.36zm.95.309L6.594 6.999H2.039l3.684 2.677-1.407 4.33L8 11.33l3.684 2.677-1.407-4.331 3.684-2.677H9.407L8 2.668z\\\",\\\"isPathFragment\\\":true,\\\"pixelSize\\\":16}\",\"ellipsis-v-outline_md\":\"{\\\"data\\\":\\\"M9.5 3.5a1.5 1.5 0 1 1-3 0 1.5 1.5 0 0 1 3 0Zm0 4.5a1.5 1.5 0 1 1-3 0 1.5 1.5 0 0 1 3 0ZM8 14a1.5 1.5 0 1 0 0-3 1.5 1.5 0 0 0 0 3Z\\\",\\\"isPathFragment\\\":true,\\\"pixelSize\\\":16}\",\"loader-fill_lg\":\"{\\\"data\\\":\\\"M18.533 3.846a.481.481 0 0 0-.047-.731A10.95 10.95 0 0 0 12 1C5.925 1 1 5.925 1 12s4.925 11 11 11 11-4.925 11-11c0-2.156-.62-4.167-1.692-5.865a.48.48 0 0 0-.748-.073l-1.466 1.465a.522.522 0 0 0-.08.621 8 8 0 1 1-2.579-2.808c.206.139.484.12.66-.056l1.438-1.438z\\\",\\\"isPathFragment\\\":true,\\\"pixelSize\\\":24}\",\"ongoing-outline_md\":\"{\\\"data\\\":\\\"M5.5 2C3.08 2 1 3.73 1 6c0 .961.38 1.835 1 2.516V10.5a.5.5 0 0 0 .82.384l1.293-1.077a5.02 5.02 0 0 0 2.016.154C6.618 11.74 8.435 13 10.5 13c.483 0 .95-.068 1.387-.193l1.293 1.077A.5.5 0 0 0 14 13.5v-1.984c.62-.68 1-1.555 1-2.516 0-2.27-2.08-4-4.5-4a4.84 4.84 0 0 0-.629.04C9.382 3.26 7.565 2 5.5 2ZM2 6c0-1.596 1.502-3 3.5-3S9 4.404 9 6 7.498 9 5.5 9c-.472 0-.921-.08-1.33-.225a.5.5 0 0 0-.486.088L3 9.433V8.314a.5.5 0 0 0-.148-.355C2.314 7.426 2 6.74 2 6Zm8 .03c-.014 1.73-1.236 3.141-2.892 3.705C7.486 11.004 8.818 12 10.5 12c.473 0 .921-.08 1.33-.225a.5.5 0 0 1 .486.088l.684.57v-1.118a.5.5 0 0 1 .148-.355C13.686 10.426 14 9.74 14 9c0-1.596-1.502-3-3.5-3-.17 0-.337.01-.5.03Z\\\",\\\"isPathFragment\\\":true,\\\"pixelSize\\\":16}\",\"circle-question-outline_md\":\"{\\\"data\\\":\\\"<path d='M7.5 4C6.658 4 6 4.606 6 5.5a.5.5 0 0 1-1 0C5 4.027 6.132 3 7.5 3 8.913 3 10 4.216 10 5.643c0 .489-.126.913-.377 1.257a2.028 2.028 0 0 1-.97.703C8.22 7.76 8 8.043 8 8.286V8.5a.5.5 0 0 1-1 0v-.214c0-.862.708-1.405 1.313-1.624.23-.083.394-.203.502-.35.107-.147.185-.357.185-.67C9 4.703 8.296 4 7.5 4Zm0 7a.5.5 0 1 0 0-1 .5.5 0 0 0 0 1Z'></path><path d='M0 7.5a7.5 7.5 0 1 0 15 0 7.5 7.5 0 0 0-15 0ZM7.5 14a6.5 6.5 0 1 1 0-13 6.5 6.5 0 0 1 0 13Z'></path>\\\",\\\"isPathFragment\\\":false,\\\"pixelSize\\\":16}\",\"bell-outline_md\":\"{\\\"data\\\":\\\"M8 2a5 5 0 0 0-5 5v2.085A1.5 1.5 0 0 0 3.5 12H6a2 2 0 1 0 4 0h2.5a1.5 1.5 0 0 0 .5-2.915V7a5 5 0 0 0-5-5zM4 7a4 4 0 1 1 8 0v2.5a.5.5 0 0 0 .5.5.5.5 0 0 1 0 1h-9a.5.5 0 0 1 0-1 .5.5 0 0 0 .5-.5V7zm5 5H7a1 1 0 1 0 2 0z\\\",\\\"isPathFragment\\\":true,\\\"pixelSize\\\":16}\",\"thumbtack-outline_md\":\"{\\\"data\\\":\\\"m7.12 5.131.423.424-1.24 1.241a4.705 4.705 0 0 0-1.552-.262c-1.006 0-1.77.384-2.399.847-.772.57-.75 1.634-.153 2.232l1.74 1.74-1.793 1.793a.5.5 0 0 0 .708.708l1.792-1.793 1.736 1.735c.6.6 1.668.619 2.236-.158.456-.623.844-1.39.844-2.392 0-.542-.091-1.064-.261-1.551l1.241-1.241.424.424a1.5 1.5 0 0 0 2.121 0l.778-.778a1.5 1.5 0 0 0 0-2.121l-3.747-3.747a1.5 1.5 0 0 0-2.121 0l-.778.778a1.5 1.5 0 0 0 0 2.121Zm1.484.778a.5.5 0 0 0 0-.708l-.777-.777a.5.5 0 0 1 0-.707l.777-.778a.5.5 0 0 1 .707 0l3.746 3.747a.5.5 0 0 1 0 .707l-.777.778a.5.5 0 0 1-.707 0l-.777-.778a.5.5 0 0 0-.707 0L8.275 9.206a.548.548 0 0 0-.102.602 3.7 3.7 0 0 1 .288 1.438c0 .717-.27 1.28-.652 1.802a.475.475 0 0 1-.721.041L2.906 8.906a.475.475 0 0 1 .04-.72c.521-.384 1.081-.652 1.805-.652a3.7 3.7 0 0 1 1.439.29.548.548 0 0 0 .601-.103L8.604 5.91Z\\\",\\\"isPathFragment\\\":true,\\\"pixelSize\\\":16}\",\"close-fill_lg\":\"{\\\"data\\\":\\\"M18.293 4.293a1 1 0 1 1 1.414 1.414L13.414 12l6.293 6.293a1 1 0 0 1-1.414 1.414L12 13.414l-6.293 6.293a1 1 0 0 1-1.414-1.414L10.586 12 4.293 5.707a1 1 0 0 1 1.414-1.414L12 10.586l6.293-6.293Z\\\",\\\"isPathFragment\\\":true,\\\"pixelSize\\\":24}\",\"magnifyingGlassOutline_lg\":\"{\\\"data\\\":\\\"M16.32 14.906a8 8 0 1 0-1.414 1.414l5.387 5.387a1 1 0 0 0 1.414-1.414l-5.387-5.387zM16 10a6 6 0 1 1-12 0 6 6 0 0 1 12 0z\\\",\\\"isPathFragment\\\":true,\\\"pixelSize\\\":24}\",\"magnifying-glass-outline_md\":\"{\\\"data\\\":\\\"M10.727 10.02a5.5 5.5 0 1 0-.707.707l4.127 4.127a.5.5 0 1 0 .707-.707l-4.127-4.127zM11 6.5a4.5 4.5 0 1 1-9 0 4.5 4.5 0 0 1 9 0z\\\",\\\"isPathFragment\\\":true,\\\"pixelSize\\\":16}\",\"thumbtack_fill_md\":\"{\\\"data\\\":\\\"m7.543 5.555-.424-.424a1.5 1.5 0 0 1 0-2.121l.778-.778a1.5 1.5 0 0 1 2.121 0l3.747 3.747a1.5 1.5 0 0 1 0 2.121l-.778.778a1.5 1.5 0 0 1-2.121 0l-.424-.424-1.241 1.241c.17.487.261 1.009.261 1.551 0 1.001-.388 1.768-.844 2.392-.568.777-1.636.758-2.236.158l-1.736-1.735-1.792 1.793a.5.5 0 0 1-.708-.708l1.793-1.793-1.74-1.74c-.597-.598-.62-1.662.153-2.232.629-.463 1.393-.847 2.4-.847.541 0 1.064.092 1.55.262l1.241-1.241Z\\\",\\\"isPathFragment\\\":true,\\\"pixelSize\\\":16}\",\"close-fill_md\":\"{\\\"data\\\":\\\"M12.146 3.146a.5.5 0 0 1 .708.708L8.707 8l4.147 4.146a.5.5 0 0 1-.708.708L8 8.707l-4.146 4.147a.5.5 0 0 1-.708-.708L7.293 8 3.146 3.854a.5.5 0 1 1 .708-.708L8 7.293l4.146-4.147Z\\\",\\\"isPathFragment\\\":true,\\\"pixelSize\\\":16}\"}"}, {"name": "servedHttp2", "value": "false"}, {"name": "sn.polaris.0dda7109fb31ae50b9dcf464aeefdc4c.enabledPlugins.en", "value": "{\"value\":[{\"id\":\"com.glide.i18n\",\"active\":true},{\"id\":\"com.sn_components_omnichannel_interaction\",\"active\":true},{\"id\":\"com.glide.interaction.awa\",\"active\":true},{\"id\":\"com.sn_openframe\",\"active\":true},{\"id\":\"com.glideapp.dashboards\",\"active\":true},{\"id\":\"com.snc.pa\",\"active\":true},{\"id\":\"com.glide.cs.collab\",\"active\":true},{\"id\":\"com.glide.guided_tours\",\"active\":true},{\"id\":\"com.glide.cs.genai\",\"active\":false},{\"id\":\"com.glide.appsee\",\"active\":true}],\"ttl\":300000,\"ts\":1755234691658}"}, {"name": "sn.polaris.0dda7109fb31ae50b9dcf464aeefdc4c.devStudioOpenMode.en", "value": "{\"value\":null,\"ttl\":300000,\"ts\":1755234691579}"}, {"name": "__nxui__unified_cache__version", "value": "9b2e3182-f036-4f76-a189-c7739ddd3d9d_0194bb1319c1"}, {"name": "searchConfig_undefined", "value": "{\"viewConfig\":{},\"exactMatchPreference\":{\"exact_match_enabled\":true}}"}, {"name": "__nxui__unified_cache__shortcut_cb_hash_lru__shortcut_cb_hash_store__ux_kbs_cb", "value": "{\"value\":\"\\\"1755180147449\\\"\",\"instancePrefix\":\"__nxui__unified_cache__shortcut_cb_hash_lru__shortcut_cb_hash_store__\",\"lastUsedTime\":1755234692024}"}, {"name": "sn.polaris.0dda7109fb31ae50b9dcf464aeefdc4c.userRolesCount.en", "value": "{\"value\":53,\"ttl\":9007199254740991,\"ts\":1755234691139}"}, {"name": "sn.polaris.0dda7109fb31ae50b9dcf464aeefdc4c.mainLogoWidth.en", "value": "{\"value\":76.515625,\"ttl\":300000,\"ts\":1755234691350}"}]}]}