{
    "Jobb": {
        "hours": [
            50,
            150,
            402,
            175
        ],
        "graph": [
            864,
            263,
            1618,
            883
        ],
        "table": [
            660,
            277,
            1437,
            861
        ],
        "auto_paste_position": [
            3308,
            556
        ]
    },
    "Hemma": {
        "hours": [
            52,
            157,
            403,
            183
        ],
        "graph": [
            767,
            440,
            1510,
            1068
        ],
        "table": [
            666,
            454,
            1383,
            1047
        ],
        "auto_paste_position": [
            2929,
            457
        ]
    },
    "test": {
        "hours": [
            367,
            147,
            1722,
            804
        ],
        "graph": [
            903,
            250,
            1671,
            879
        ],
        "table": [
            194,
            98,
            865,
            257
        ],
        "auto_paste_position": [
            3337,
            579
        ]
    },
    "1 Screen": {
        "auto_paste_position": [
            223,
            201
        ],
        "hours": [
            43,
            306,
            249,
            373
        ],
        "graph": [
            27,
            286,
            415,
            445
        ],
        "table": [
            44,
            300,
            693,
            520
        ]
    }
}