{
    "machine_usage": "Idling time higher than recommended. Recommendation is to reduce idle time to save component lifetime and lower Co2 emission.",
    "carryback": "XX ton material carry back, recommendation to remove stacked material inside basket. Also remove extra material on frames and a-stays. Recommendation is to install body heat option if not ready installed.",
    "overload": "Overloading the machine will lead to shorter lifetime of machine.",
    "engine_coolant_temp": "Matris reading indicating a high number of high engine coolant temperature alarms. Needs to be investigated. Only use Volvo Coolant VCS",
    "idle_time_before_shutdown": "Recommendation is to let the machine idle for 60 seconds before shutting down to lubricate and cool down the turbo.",
    "engine_oil_temp": "Matris reading indicating a high number of high engine oil temperature alarms. Needs to be investigated.",
    "low_air_filter": "In case of alarm for clogged engine filter please clean the engine primary filter. If oil bath cleaner installed on the machine also check oil quality in booth oil bath cleaners at least every 50 op hrs. Check vacuum switch/sensor SE2501/SE2502/FX1008",
    "water_level": "Recommendation to drain water separator daily.",
    "difflock_use": "Differential lock to be used in muddy/slippery/bad traction condition. If not followed the lifetime of tires and axles (all) will decrease. If the machine is not used in muddy/slippery/bad traction condition this graph should be as low as possible.",
    "transmission_oil": "Matris reading indicating a high number of low transmission oil pressure alarms. Needs to be investigated.",
    "service_brake_cooling_oil": "Stop the machine and investigate the axle oil cooling and brake system.",
    "brake_usage": "Recommendation to increase the usage of the engine brake, this will lead to less wear on brake system components. Retarder to be used as much as possible.",
    "HVAC": "Recommendation to run HVAC in auto mode. Increased usage in auto mode will lead to less fuel consumption and less wear on the HVAC system. ",
    "no_new_matris": "No new relevant Matris reading available on server data base. ",
    "machine_overspeed": "Reduce maximum travel speed to save component lifetime",
    "cooling_fan_speed": "RPM should not be over 1000-1200 rpm more than 20% of total logged time",
    "engine_oil_pressure":"Stop the machine and investigate the reason for low pressure. Running the engine with low oil pressure will cause abnormal wear or severe break down.",
    "engine_speed_distribution": "Maximum torque is between 1200-1800 rpm. If followed the fuel consumption will be lowered. If over 2200 rpm this will decrease the lifetime of the engine.",
    "low_engine_oil_start": "Make sure the engine oil level is OK before starting the engine",
    "high_low_voltage":"Fault trace Alternator/Regulator and load sense wire. Recommendation is to investigate the Alternators regulator and/or the load sens wire thats connected to the Alternator.",
    "transmission__oil_temp":"Temperatures that are reaching over 100°C, needs to be addressed. Search for the cause, and correct. If oil has reached a temperature of 110°C, the oil  quality is degraded and needs to be replaced.",
    "gears_time_dist":"Activate Lock-up to save fuel and improve productivity.",
    "machine_speed_shifting":"Reduce travel speed before changing driving direction. Note: Ignore this recomendation if RBB (Reverse by braking) option installed on machine",
    "engine_speed_shifting":"Reduce travel speed before changing driving direction.",
    "difflock_use_wlo":"Do not activate the Diff-lock in high speed to save lifetime of components.",
    "aps_selector_use":"Do not operate the machine in service mode",
    "front_rear_axle_temp":"Stop the machine and investigate the axle oil cooling and brake system.",
    "parking_brake_abuse":"Stop the machine before applying the parking brake. To reduce wear on the parking brake.",
    "hydraulic_oil_temp":"Stop the machine. Clean hydraulic oil cooler. High temperatures above 110°C, degrades the oil quality. High hydraulic temperature cause wear on the complete hydraulic system."
}
